{
	"ori":
	{
		"pca":[
			[0.27771567276977965,0.10085901936809082,0.08550043172134487,0.08339422508205406,0.0832249364305516,0.07970138473152404,0.07788824425452337,0.0753031513874319,0.06842345953520364,0.05077506585324607,0.017153334002360115,6.107486388980156E-5,7.142146527053061E-18]
		]
	},
	"mix":
	{
		"pca":[
			[0.2861876686745872,0.12139991587334917,0.08175222674177363,0.07708231486049723,0.07689682839577201,0.07377848231562792,0.07321495248771163,0.0700945514213681,0.06628986985765109,0.05740592468826369,0.01583642141965885,5.650665338098151E-5,4.336610358488406E-6,2.0452231626137344E-18],
			[0.22009622776984586,0.13520689895410415,0.11782149247071903,0.11740716842353552,0.11091135907791912,0.07040079815201329,0.05854549494757267,0.055450936224108245,0.05201619649747963,0.048500300161995344,0.01226365909152738,0.0010763160578652984,2.607003627279302E-4,4.1719842679024316E-5,5.779909176355821E-7,1.0069336203723738E-7,5.3281627557146996E-8,3.54703098537042E-19],
			[0.2218210243266948,0.13238208459328915,0.11669836999134271,0.10133664972605086,0.08525790501579034,0.08255423893487072,0.08084442000729603,0.05845602354690126,0.042095160826729316,0.03169154611688852,0.020278453821303125,0.013901807111597086,0.008635844928341308,0.003928384505132371,5.445460575012663E-5,4.4721003941080285E-5,1.38184646394796E-5,2.016323626011067E-6,1.756357846622583E-6,8.624611680725011E-7,4.2007899696162957E-7,3.725180402259303E-8,1.9094844587469846E-18],
			[0.26383200709184224,0.126901094022891,0.10663445094563934,0.09243767052693662,0.06559861823140638,0.05491437921698136,0.05109286702682564,0.04257071894875243,0.031771876190665106,0.031241287359999988,0.030659704358335885,0.02785476222602371,0.02694407861287689,0.019088851890658606,0.01175069333036252,0.010775119190463272,0.003003494868247283,0.0018615925845276548,7.170592651644847E-4,1.8740079250593268E-4,7.076083830488535E-5,3.179630501386403E-5,2.8231780851639897E-5,8.70841624330351E-6,5.736236402333596E-6,4.190665361820647E-6,4.184450446360968E-6,2.7467786141002127E-6,2.7203333302916707E-6,2.177226474356469E-6,5.205537987128139E-7,4.99734051728494E-7,2.1947334501262433E-17],
			[0.2058940232042485,0.17431956312402397,0.11019731084242781,0.10345732329916787,0.09877847404155045,0.07814857112499257,0.044800465354945744,0.038148660297301365,0.03629867799966517,0.03256502337861499,0.021440572017490635,0.01868465602970818,0.012929170654856634,0.008778039227243383,0.0044883595424208165,0.0031145340511634827,0.00280204695456322,0.0024891865039161367,9.428283204521911E-4,5.81155842144684E-4,5.621511737636978E-4,2.4058182131690055E-4,1.035316522425399E-4,4.676549166639979E-5,3.8006312337673515E-5,2.334576337257847E-5,1.603208923558979E-5,1.4988843930770701E-5,1.1898403731755803E-5,1.1824588743137406E-5,1.0597780582973622E-5,8.662352118967101E-6,6.831591973327252E-6,6.213897490522471E-6,5.865039333824922E-6,5.56928533217473E-6,5.4214128169713E-6,5.402819032994462E-6,3.4821607925184485E-6,2.041609345116224E-6,2.010064430661299E-6,2.0048122676133763E-6,1.740690913971307E-6,1.341240795692319E-6,1.2557850948138206E-6,1.1286870836530897E-6,1.0217910639162506E-6,8.552437625186915E-7,6.026736309450656E-7,1.1442304084450805E-7,5.2416748001930194E-8,1.2222466629812339E-8,4.04864234201617E-9,1.9959510745962964E-17,1.9959510745962964E-17,1.9959510745962964E-17,1.9959510745962964E-17,1.9959510745962964E-17,1.9959510745962964E-17,1.9959510745962964E-17,1.9959510745962964E-17,1.9959510745962964E-17,1.995951074596296E-17],
			[0.26527454558623753,0.10616542508867648,0.08822815412717216,0.07971183347519284,0.07138158878187643,0.06092806200519311,0.05569698027345876,0.05100852406171651,0.03887181351499405,0.03746281862138701,0.034590116842337794,0.020752432016377928,0.019501929353324905,0.017841917081849613,0.015892083603544705,0.007830122435235497,0.007328428555942213,0.00669946048837279,0.004943427854388373,0.0032094952435200914,0.0026718821426191005,9.202542968104147E-4,4.460982417071299E-4,3.671527819120297E-4,3.1888547437890853E-4,2.957355483560063E-4,2.450064816084376E-4,2.044522150837656E-4,1.7285741091444491E-4,1.6363798645998656E-4,1.2565175307180674E-4,7.526297337763846E-5,5.490201233455622E-5,5.2823226484662356E-5,4.930598289656109E-5,4.1325256903553594E-5,3.5717533003439064E-5,2.9525778791902E-5,2.8487544222514185E-5,2.6787810637871946E-5,2.3462334214794833E-5,2.202302680181032E-5,2.0392128968655648E-5,1.7875598605188242E-5,1.776663615389323E-5,1.663887228993844E-5,1.543920957659011E-5,1.4520900977674583E-5,1.3899075294691333E-5,1.2106937050675957E-5,1.1446308233598552E-5,1.133174968921601E-5,1.1200847134188359E-5,1.0588476043328849E-5,1.0488963274755563E-5,9.217152439382637E-6,9.111419983341503E-6,8.93611297354233E-6,7.366746911214652E-6,7.143337359681265E-6,6.91686445994861E-6,6.735840767461781E-6,6.660209856898902E-6,5.620701981227661E-6,5.47022136370177E-6,4.87399737272784E-6,4.67218997215705E-6,4.557220448157934E-6,4.400817230250791E-6,3.609533887022956E-6,3.3949680139494714E-6,3.186927114136485E-6,2.7347293469018866E-6,2.2187238741103705E-6,2.126069636468937E-6,1.4742737816222032E-6,1.42936017212998E-6,1.423595743079489E-6,1.333948059662065E-6,1.3162966775423426E-6,1.0900483136794021E-6,1.0648151607010014E-6,9.50111757317102E-7,8.55668120177743E-7,7.577155874154061E-7,7.495254967084801E-7,7.201647611388974E-7,6.762901861969628E-7,6.058439724151261E-7,5.937476540954595E-7,3.7727358324700054E-7,3.394686217623081E-7,3.0826528626834104E-7,1.9281660651810014E-7,1.5658977189521908E-7,1.2696470706293264E-7,1.1565088039079057E-7,8.502659566433486E-8,8.250753405022992E-8,5.846004738100799E-8,3.395494812661342E-8,3.374107761298442E-8,1.5632216167011664E-9,1.1780556334272664E-16,2.2919001387046848E-17,2.2919001387046848E-17,2.2919001387046848E-17,2.2919001387046848E-17,2.2919001387046848E-17,2.2919001387046848E-17,2.2919001387046848E-17,2.2919001387046848E-17,2.2919001387046848E-17]
		]
	}
}