{
	"ori":
	{
		"pca":[
			[0.27771567276977965,0.10085901936809082,0.08550043172134487,0.08339422508205406,0.0832249364305516,0.07970138473152404,0.07788824425452337,0.0753031513874319,0.06842345953520364,0.05077506585324607,0.017153334002360115,6.107486388980156E-5,7.142146527053061E-18]
		]
	},
	"mix":
	{
		"pca":[
			[0.2560107185184488,0.13388577042027874,0.11448396155738338,0.10989954328511786,0.07299431076491636,0.06443330379104834,0.06370674623458754,0.05886575633913767,0.052522147377758295,0.03676054808829753,0.01809731799227911,0.013686041726807681,0.002875710595446076,0.0017353802928655449,4.271948367696886E-5,2.267071617373555E-8,8.612337855089952E-10,3.162763646376905E-19],
			[0.2213898533603402,0.12123044495579438,0.10084988583997694,0.09258360987461854,0.07183042711840758,0.059977170594501854,0.05886742566770082,0.058664854447714264,0.05614407790456916,0.044683597987677494,0.03891659414650769,0.030770319581874688,0.018003887928175727,0.015491323019538242,0.00952197866935163,0.0010317005397111067,4.284836353988643E-5,1.7681387051133147E-18],
			[0.22960597172067235,0.18010931110997744,0.08469926394216566,0.0724142834219158,0.06396906173036139,0.06063944968879611,0.05880004708636358,0.058192908342736265,0.054944061052094394,0.05164036252902422,0.04294201603196435,0.02993507021919434,0.01179972227140464,2.660427067336628E-4,4.211442166428939E-5,2.7824371719804204E-7,3.5481214251875114E-8,3.103042156473572E-18],
			[0.309388381458104,0.21049295602361984,0.07717564917023105,0.06079137876207587,0.05881119691985136,0.05852044863755117,0.056411022208760986,0.05518090922708442,0.052060027554158846,0.04871488674780584,0.012144256663767521,2.6604592444189924E-4,4.212467766782587E-5,3.009489418700578E-7,1.7510667842741082E-7,1.4691955036160837E-7,9.30497087915873E-8,3.6773184105555416E-18]
		]
	}
}