{
	"original":
	{
		"kpca":[
			[0.4216690268443896, 0.21560996531812857, 0.1418562527101814, 0.07287484396420393, 0.051341699668405384, 0.031739066726520125, 0.024558362142592143, 0.010001891940897975, 0.007702127365084103, 0.005324878956786134, 0.0044553177421988565, 0.003953219731438761, 0.0029928393278024898, 0.0027765578882802604, 0.0014265951338637804, 0.0009404795336035342, 0.0007768750056230516]
		]
	},
	"mix":
	{
		"kpca":[
			[0.3566090693876937, 0.19477553768106026, 0.06572022729810756, 0.06402561032727395, 0.060280613927054104, 0.051241418462999275, 0.030901059680065457, 0.030843637614263484, 0.026832193718172925, 0.017809288940153538, 0.01759431400937938, 0.016645208359963515, 0.014970990629864862, 0.010668876948479136, 0.009915428885733279, 0.009279475733695612, 0.006329672638168327, 0.006083164372115853, 0.005852382950653569, 0.002349326974080639, 0.0007940681555620928, 0.00047843330545967075],
			[0.28273527885102306, 0.15542349727875326, 0.0806096005384664, 0.07500306420821007, 0.05532396114106254, 0.05301302400977136, 0.0465815063233354, 0.04528896715361632, 0.038868057618289535, 0.03483940934862883, 0.03330694032927548, 0.02904248816102653, 0.012591667454329146, 0.012166013431896067, 0.009711897169045147, 0.009534188128926242, 0.008362570287645357, 0.004467426486740841, 0.003954214298219437, 0.00309877718882442, 0.0030403442633425088, 0.003037106329571967],
			[0.20882605747194247, 0.1986587029163992, 0.12444817334359538, 0.08563692955238851, 0.06942199190595398, 0.05569172428662488, 0.04077482199944403, 0.037730727939634, 0.03763407102145485, 0.034188899937535586, 0.032482382245205374, 0.014425453111726284, 0.012038351430768928, 0.010110940724348233, 0.008377710465393165, 0.007998311883580645, 0.007228884383546902, 0.004603513598592926, 0.0042167305360151465, 0.002323941817887808, 0.0020596714361484944, 0.0011220079918130954],
			[0.3932929360316464, 0.10719560018768996, 0.07909889675230888, 0.05816414740836694, 0.05546157341003015, 0.05340227714048428, 0.03721544012755966, 0.0364394819143503, 0.034625513882667734, 0.029123144640670548, 0.028557497991108256, 0.012939682452194151, 0.012315156052716781, 0.011904595984143071, 0.011037486151509082, 0.007664429373592126, 0.00741697662115589, 0.007237268402527579, 0.007095898343400198, 0.004612708926574694, 0.0026626320238941435, 0.002536656181409127]
		]
	}
}