{
	"original":
	{
		"kpca":[
			[0.4216690268443896, 0.21560996531812857, 0.1418562527101814, 0.07287484396420393, 0.051341699668405384, 0.031739066726520125, 0.024558362142592143, 0.010001891940897975, 0.007702127365084103, 0.005324878956786134, 0.0044553177421988565, 0.003953219731438761, 0.0029928393278024898, 0.0027765578882802604, 0.0014265951338637804, 0.0009404795336035342, 0.0007768750056230516]
		]
	},
	"mix":
	{
		"kpca":[
			[0.30829592064312483, 0.213747238026708, 0.210050327233084, 0.13996298898449255, 0.035460627509708284, 0.034309219029704165, 0.022019827687108928, 0.01125255538039676, 0.006372249368837636, 0.004022719036744229, 0.0037123297292583246, 0.0027787665356059743, 0.0016431656026394607, 0.0015079984239235544, 0.0014755713873279242, 0.0013743337545371755, 0.0013195465376304148, 0.0006946151291676578],
			[0.4051153178861898, 0.12049002490700043, 0.11123105196973067, 0.07236466749593128, 0.057312259009535904, 0.05579094763877876, 0.04858626380472972, 0.042337581945477154, 0.02869386809944966, 0.022293572056595375, 0.013792720356436819, 0.00478398722212145, 0.0033126942603912135, 0.002139438998157479, 0.002120493354115406, 0.0020675611333686172, 0.0020356053815690106, 0.0018244343860432347, 0.0013186991302192815, 0.0010723266479532453, 0.0006825050517498306, 0.0006339792644554382],
			[0.4667805375450598, 0.1185623642310919, 0.07413868405705644, 0.06814972219057025, 0.05356607989494884, 0.04702226676235847, 0.036678057588475935, 0.03025937403243233, 0.030225517138567425, 0.024152222201285767, 0.014180201532929527, 0.008469315195712302, 0.004841587513792679, 0.004832824145430165, 0.00406139173811562, 0.003503354504321268, 0.003046107601162909, 0.0023596243811208743, 0.0018944894047551086, 0.0014062527585321615, 0.0008596267632535045, 0.000544084038867484, 0.0003653540674677763, 6.423750773014997e-05, 3.0719441544307514e-05, 4.004852096240455e-06, 1.9989113208705614e-06],
			[0.46946141434009686, 0.1446233605192618, 0.0700910130522579, 0.05581015292963011, 0.0473412693067497, 0.046410230105763964, 0.027167547918626675, 0.025312711197216856, 0.023909263981950396, 0.013968323479779027, 0.011032221312239169, 0.010531815247507247, 0.01044920553681247, 0.007977447067478088, 0.005482646704822253, 0.0053236027128566255, 0.005282511639710902, 0.004260920441347134, 0.0035111593232707112, 0.0026684801748850613, 0.0020286256142320372, 0.0016330590286127073, 0.0015950952640609783, 0.0009236719030744374, 0.0008713798395797855, 0.0005495672884277241, 0.0003992797988357829, 0.0003649644843056133, 0.0003400479592578511, 0.00022720863375662203, 0.0002178491079599229, 0.0001201232836899551, 3.480587121055165e-05, 2.4259060312343288e-05, 2.2837956517154902e-05, 2.136988276008159e-05, 1.0558031143376985e-05],
			[0.27590253583237956, 0.18919266132703633, 0.10437828638694586, 0.07081128797864893, 0.05865600026531185, 0.03848670368483716, 0.028518889507992005, 0.023810508466420008, 0.0237702537326473, 0.02073389442919608, 0.016364109503307172, 0.014171266994768835, 0.012492738098580427, 0.011751174984457415, 0.011505263854137065, 0.01093496303635052, 0.010250443770462265, 0.008964312595443193, 0.008758691593604505, 0.007915675985417096, 0.005421460231208487, 0.004872138452159263, 0.004725607994028982, 0.004525834373023953, 0.004174637909276945, 0.0040714521791681895, 0.0035016192809934374, 0.0027414730828122934, 0.0025660314909518554, 0.0024700310206332786, 0.002001929877173662, 0.001393132970274494, 0.0013810081859106402, 0.001240276990493731, 0.0008240135136906534, 0.0008163320942719864, 0.0006928964822993434, 0.0006384757464323602, 0.00047100733693184545, 0.0004592939858257762, 0.00045385815102033997, 0.0004219090271553601, 0.0003571322326622162, 0.0002518741915050022, 0.00017933657446967454, 0.0001767940591657487, 0.00015748849857643557, 0.0001413686305721772, 0.00011755206649926198, 0.00011709600738650145, 0.00011091066340389438, 9.167311092393515e-05, 9.051456969196115e-05, 8.574373979774774e-05, 8.545249553347789e-05, 8.202283542854963e-05, 8.031068071232252e-05, 7.675163689026231e-05, 7.319253799795772e-05, 7.150662837678201e-05, 7.044415737943539e-05, 6.82987765003391e-05, 6.386411675882469e-05, 6.363518884681217e-05, 5.4974525629744434e-05, 5.061630347214248e-05, 4.736336813814087e-05]
		]
	}
}