{
	"original":
	{
		"kpca":[
			[0.19042907951508398, 0.07360740113027787, 0.07011954187240935, 0.06330433893864738, 0.06111281362074466, 0.05303325727319993, 0.046354542175823917, 0.04512315175479997, 0.04032094209168485, 0.03819737136425018, 0.03323869347691256, 0.02938459571262841, 0.025978744098928596, 0.025048567047795876, 0.02435310146948222, 0.0233853380475185, 0.02253231164306245, 0.02044253059413645, 0.01979564471255558, 0.016066295334408363, 0.013019546761880682, 0.010570651134477763, 0.009988642465226275, 0.00996803985333133, 0.00951240287642706, 0.009292564702622848, 0.008052458536418946, 0.007767431795263954]
		]
	},
	"mix":
	{
		"kpca":[
			[0.16996763727717745, 0.11124204152976473, 0.06617192766558569, 0.062037884392394514, 0.057510582700605335, 0.05631519756142685, 0.047809081979415524, 0.04284335608355047, 0.041009668553027706, 0.03464581700389407, 0.033895481600945174, 0.029285713540495868, 0.02513971175273309, 0.024566954255038607, 0.02328986787658813, 0.02079167286996012, 0.02033052081699266, 0.018579517212116814, 0.013519556266845605, 0.013282738031537024, 0.012935960687254546, 0.012546187578108983, 0.011056438612737833, 0.010816152962826767, 0.010573111698236118, 0.009306813981624435, 0.007754630572703536, 0.007345990135279539, 0.005429784801133013],
			[0.13216519096079835, 0.09310070082751395, 0.07712635371149376, 0.056567975968313464, 0.056072724836588275, 0.05010517055434392, 0.04357499044235467, 0.04231688591940375, 0.0331158525107876, 0.03136313923680349, 0.03065881280246908, 0.029017566115386993, 0.024668926682126432, 0.023680643349356535, 0.02245188399682941, 0.022168571563502836, 0.021810423308044936, 0.021716667349784575, 0.0216310837149489, 0.021271320128018825, 0.01969665662076905, 0.01820588817081827, 0.017675935749782545, 0.01540465956157803, 0.013973707380212362, 0.012051116023210004, 0.010674758668811981, 0.00898076377619469, 0.007167565825487584, 0.006074615460801507, 0.005541012519021358, 0.0055217142102628155, 0.004446722054179919],
			[0.37829217092369644, 0.1379832439620578, 0.0498299902658752, 0.044017722162798124, 0.035572828228087924, 0.032632435373587704, 0.029472405298347774, 0.025526881459550663, 0.024534664739396878, 0.0206649094892584, 0.019279970428154315, 0.016794957406866488, 0.015598594096107856, 0.015421207774468877, 0.01436142847603324, 0.014025214781735485, 0.013283931346256307, 0.012191691459815877, 0.010127832196651428, 0.009845659755047207, 0.009836433550456788, 0.007972109210653984, 0.00782386922373596, 0.006949629771447352, 0.006582348102299699, 0.005824979432905757, 0.005733609143611341, 0.00480315942807952, 0.0044543408009009005, 0.003614537604172358, 0.003588203006072916, 0.0031652028410350534, 0.0025964025842575844, 0.0025067217071798337, 0.0015723491358091298, 0.0014785078122770694, 0.001159818791167597, 0.0008800382301429347],
			[0.14959233706149744, 0.0948353865676519, 0.0694074446675567, 0.06146133426390602, 0.04901487001901617, 0.045199840239539914, 0.04261429862581356, 0.033813134993006984, 0.027125518097465547, 0.025489166907753328, 0.024649904335009833, 0.023009624641259132, 0.02241728856320088, 0.020680557419588907, 0.01966212698431091, 0.019331952512399758, 0.01916942761205271, 0.017256200051473658, 0.016334797348067785, 0.01532257367845283, 0.014320400813811036, 0.014018868722388942, 0.013221186463297225, 0.011777325538052491, 0.010748363086215375, 0.010704600376118126, 0.010572170319480656, 0.009454947989472117, 0.009310826842307595, 0.008076015561179078, 0.007836375973250485, 0.007790004796634325, 0.007330518133959883, 0.0070516942056079186, 0.0070390642698359655, 0.006703855441033795, 0.006597902829249635, 0.006449157150208856, 0.0063488913608913235, 0.0058569445156034525, 0.005381094681352537, 0.004703016853303118, 0.003424466565418592, 0.0029522510626091465, 0.0023450584270402557, 0.0017597070315490508, 0.0013730464509522065, 0.0004644599501528357],
			[0.11408906857711054, 0.060232693791104734, 0.050074665976902105, 0.04776580118388549, 0.046794824257629195, 0.03968043032413604, 0.03904344487849504, 0.03394384994340144, 0.03098697865662676, 0.029964175203430504, 0.02916109095592014, 0.026481093719325215, 0.023871511644777785, 0.02163521618317696, 0.020720545546382585, 0.019765653396060037, 0.018727389280242777, 0.018407083500337335, 0.017934557439057898, 0.017655417527769248, 0.01713185031657951, 0.015646436782398264, 0.013907999817988348, 0.012485351908707793, 0.012366843749770966, 0.011417224633139064, 0.011192435924396293, 0.011060425281232673, 0.010723346741249726, 0.01007519611914997, 0.009944376229912072, 0.009507033652183899, 0.009443880200255916, 0.009308638961851329, 0.008446614235004953, 0.008117548678377131, 0.008029693012636339, 0.008015200367046674, 0.00786726012379573, 0.007441397334733738, 0.007271785107163647, 0.007013431752403988, 0.006010017815701095, 0.005927536464588558, 0.005271549417627159, 0.004860612447042089, 0.00484009406749824, 0.004071410793626223, 0.0029846518741383074, 0.0027002385326060497, 0.0025614324419736124, 0.002534085036112604, 0.002398985765971034, 0.002263233728566338, 0.002209315454702298, 0.0021337162327745, 0.0017882449302081356, 0.0014944107629144604, 0.0014352573438103338, 0.0013786833942928322, 0.0010834880386312656, 0.0009940670681241942, 0.0009152492620656746, 0.0008833247008785846, 0.0007673177533913879, 0.0007116095166603817, 0.0006485117962842234, 0.0006469630355043998, 0.0004513704402526726, 0.0004401038706988391, 0.0004303115963846121, 0.0003825037897716649, 0.00036968706912010585, 0.00034764512805760336, 0.00026819313729778605, 0.00020244612056873203, 0.00015348547376790707, 9.078278263539486e-05],
