{
	"original":
	{
		"kpca":[
			[0.19042907951508398, 0.07360740113027787, 0.07011954187240935, 0.06330433893864738, 0.06111281362074466, 0.05303325727319993, 0.046354542175823917, 0.04512315175479997, 0.04032094209168485, 0.03819737136425018, 0.03323869347691256, 0.02938459571262841, 0.025978744098928596, 0.025048567047795876, 0.02435310146948222, 0.0233853380475185, 0.02253231164306245, 0.02044253059413645, 0.01979564471255558, 0.016066295334408363, 0.013019546761880682, 0.010570651134477763, 0.009988642465226275, 0.00996803985333133, 0.00951240287642706, 0.009292564702622848, 0.008052458536418946, 0.007767431795263954]
		]
	},
	"mix":
	{
		"kpca":[
			[0.5019202963093263, 0.10401416863194951, 0.06053361189445708, 0.058609886352952216, 0.0386421346809597, 0.03256005547086843, 0.020160567586283373, 0.01633334104441199, 0.013392029578718878, 0.011031058028253904, 0.010612029537328689, 0.010548651705504102, 0.010078832984346088, 0.008952586903629232, 0.008892078507419162, 0.00850821303732357, 0.007935434907060564, 0.0073686771279576, 0.007165375231876914, 0.006903786082185942, 0.006670404672692487, 0.006511355912226241, 0.005729022738722879, 0.005112158391280928, 0.004846963765093391, 0.004832109513918625, 0.004511873325505535, 0.0042734917314090235, 0.0037865164200463516, 0.003482122202875701, 0.002688461953706645, 0.002250697409691295, 0.001142006360017353],
			[0.22288141195560895, 0.1301250957664598, 0.11135456101419874, 0.08751506326105957, 0.04772399259056246, 0.046671094673156756, 0.04589573104243475, 0.03229142962417281, 0.026715315813906466, 0.023295948468239507, 0.01915500971866369, 0.01853690848016239, 0.018329353834384686, 0.018274402046817777, 0.01482220373456431, 0.012758597669467358, 0.011612390429840809, 0.011408897150149982, 0.011226996543679629, 0.011182360761941674, 0.009283414895345522, 0.008420852024229876, 0.00797993965211332, 0.007937603770151208, 0.007574636312156199, 0.006831880020914305, 0.005825703267537895, 0.005584944992088898, 0.004812105386212299, 0.0047099081199624224, 0.0032695405884068454, 0.0031048570700613126, 0.002887849321347902],
			[0.607685188451725, 0.06679195106158185, 0.02265395400310657, 0.02206367996201419, 0.02163869832815477, 0.019288205449051358, 0.019054050791355737, 0.018492280443918308, 0.01539245331601447, 0.014164558758962305, 0.013234030757871404, 0.012703146231373225, 0.011416441135775812, 0.011367407618069023, 0.011086381633476116, 0.010749041833462557, 0.010481759047645759, 0.010293796706814524, 0.008874156654560247, 0.008733423744629555, 0.008529402432579528, 0.008229707593076386, 0.008076148110307485, 0.007224182700142396, 0.006065559328135452, 0.005355387676218847, 0.0045776891052877475, 0.00373624007836794, 0.0030616273175440084, 0.002364710076003059, 0.0022566778737207025, 0.002226137744794452, 0.0021319240342590725],
			[0.5407826996166967, 0.22010736235589778, 0.025508575189059305, 0.0211135494384959, 0.020224778835507162, 0.01970772880020811, 0.015048307502969597, 0.011740140935225548, 0.010228449742765286, 0.008355026673833447, 0.00760573629991416, 0.00738573813580182, 0.007271253599117069, 0.00723288243062745, 0.0067252869444798585, 0.006399796455571723, 0.005438371028669893, 0.005207080808098928, 0.004929297158915913, 0.004733013169986513, 0.004493042113919485, 0.004449883241032892, 0.003948056939329068, 0.0039031138338041717, 0.0037488852986386602, 0.003665820469338431, 0.0035607826977801563, 0.003442714014383792, 0.0033267220243965215, 0.002971099693833906, 0.002839141106190482, 0.0026457760868441936, 0.001259887358666293],
			[0.7478017160252942, 0.042220775905158686, 0.03385731131927938, 0.023726751136515553, 0.021601284145890447, 0.011163647330748316, 0.010944446074390676, 0.009619608917755882, 0.008867744657526103, 0.008659389407764449, 0.008577595816255423, 0.007266311921692696, 0.006235562181865901, 0.006195386416741314, 0.004843109690179283, 0.004755074881099165, 0.004164769156563781, 0.004139807433994023, 0.0038250764893337096, 0.0036908539635975724, 0.003358484381483905, 0.0030957955050154515, 0.0029633115284635496, 0.0028528431679094644, 0.0027169463115364685, 0.002608341378087561, 0.0019860458338651636, 0.0018710448928650988, 0.001632216323462669, 0.0016256179984730883, 0.001490412171913639, 0.0008338432596734011, 0.0008088743756039694],
			[0.7094228091115672, 0.1775547426901905, 0.01670915555421826, 0.00842446061267412, 0.007831217908071232, 0.0069348700354352425, 0.00577824881781074, 0.005710986297258015, 0.0056256253099972245, 0.00467941695831177, 0.00362330425052785, 0.0032059991744177612, 0.003138619185151639, 0.002960624687638608, 0.002861206730996675, 0.0025950021920506977, 0.002568971558788546, 0.002518973447858081, 0.0024872208605705745, 0.002467602322753193, 0.002364534585245951, 0.0023269481982652876, 0.0021515747445934215, 0.0020593025449291533, 0.001965303609905251, 0.001938969643498528, 0.001876943733772327, 0.0017291969628886305, 0.001636644590410975, 0.00160354405269807, 0.0013990231334589179, 0.0012771637782021384, 0.0005717927158429902]
		]
	}
}
