{
	"original":
	{
		"kpca":[
			[0.3487536590699521, 0.12818300440365252, 0.06798092735045215, 0.06111482927499064, 0.06073555271318579, 0.0539079714857031, 0.04869267202369066, 0.03976164270308172, 0.03879536091599264, 0.03800130956338255, 0.03472298760700463, 0.028882496584841967, 0.021561646214684465, 0.01180274185713935, 0.0075565834963456455, 0.004613211855486854, 0.0028354847036722985, 0.0010097018251311457, 0.0003331706624656623, 0.0003271996904536161, 0.00013365288275241904, 0.0001280344183704315, 9.363565559204125e-05, 7.252304197580629e-05]
		]
	},
	"mix":
	{
		"kpca":[
			[0.3586055628443659, 0.12248081989253043, 0.07340790683504178, 0.061555468100064195, 0.054132200222286854, 0.04913559013885722, 0.04899505203706348, 0.04606382818272154, 0.03629563396991817, 0.034850397293054426, 0.03376184126578174, 0.031070517837900647, 0.02025079393285971, 0.010164072996491528, 0.0053768119004232945, 0.0047758338118036965, 0.004561369603348818, 0.0016251194175122758, 0.0007473771643470706, 0.0007433164110942907, 0.0006040257172436582, 0.0003875260313890885, 0.00019883461437867497, 0.00010743757176305079, 9.23077152612323e-05, 4.696820381082964e-06, 1.9575744909928007e-06, 1.8998557824373482e-06, 1.8002418429227072e-06],
			[0.30309907678075687, 0.17383222617068317, 0.07139490746882012, 0.05914190439091428, 0.05483199246240543, 0.05222704466384878, 0.03983930761105255, 0.03695431375217088, 0.03216623999190082, 0.03172152309803204, 0.03154174652854849, 0.030023561924100602, 0.026587902342848895, 0.015131535539476255, 0.012148566242624968, 0.01031968186960948, 0.005406448479070528, 0.005076016391465491, 0.0041941429967630684, 0.0014599146437108445, 0.0014227075837296328, 0.00057582563542084, 0.00031282607777593596, 0.00024219234783567944, 0.00019621858458709462, 8.974142946475549e-05, 5.639384250127297e-05, 4.561067691370884e-06, 1.480082189923684e-06],
			[0.33222273555837223, 0.1455455645321401, 0.07500004657628329, 0.05886437120036313, 0.05767527784355414, 0.04701038149729348, 0.042790937642884136, 0.035474982127767465, 0.033339560681472334, 0.03230764490892832, 0.03168793057845623, 0.030824960478090798, 0.02432788518500703, 0.018803021405075733, 0.011412294590155612, 0.009262674247192928, 0.004926995173973222, 0.00453607672501065, 0.0014081494811702907, 0.0007948824203844983, 0.0007374278018577021, 0.0003229573801055105, 0.0002102777194578521, 0.0001766689044957522, 0.00011313883092298084, 9.26541748047788e-05, 6.700520030041409e-05, 5.8014293050731126e-05, 5.48284142887381e-06],
			[0.31164666044359457, 0.1355798489864306, 0.07629966603016876, 0.06642912090561102, 0.05406339502003473, 0.04279327587788107, 0.04170658456332931, 0.033314352950430684, 0.03182602943097695, 0.03139726088220798, 0.030667384785214285, 0.028571404185381198, 0.023762008287657642, 0.022866483976935605, 0.018631176772311162, 0.014362223692773814, 0.010584021621612082, 0.009964173724718013, 0.007290045422309737, 0.004651189620978392, 0.0012972012115253933, 0.0008854452308165612, 0.0007718477759253194, 0.00028159469600655423, 0.00019408679988530057, 8.9728577926448e-05, 5.375784481990148e-05, 1.1323539117839177e-05, 8.707143418745255e-06],
			[0.34239854292171906, 0.11532683232007868, 0.08708112012250539, 0.05777108376557457, 0.05409946010677223, 0.04349334012940446, 0.03986182955451586, 0.038364755038291835, 0.03473167312750981, 0.03386595266195013, 0.03104228407852924, 0.030586326005475298, 0.024859489064401573, 0.01818135259213196, 0.012610806446900335, 0.008826303044767085, 0.006458799464157082, 0.004699030366869501, 0.004329926242852847, 0.00425725731691594, 0.0032081073198826342, 0.0009568252999789578, 0.0008676444066243368, 0.0007335284276637926, 0.0006614468519041407, 0.00029309747978476343, 0.00020970629735463662, 0.0001288490153983539, 9.463053008569538e-05]

		]
	}
}


