{
	"original":
	{
		"kpca":[
			[0.3487536590699521, 0.12818300440365252, 0.06798092735045215, 0.06111482927499064, 0.06073555271318579, 0.0539079714857031, 0.04869267202369066, 0.03976164270308172, 0.03879536091599264, 0.03800130956338255, 0.03472298760700463, 0.028882496584841967, 0.021561646214684465, 0.01180274185713935, 0.0075565834963456455, 0.004613211855486854, 0.0028354847036722985, 0.0010097018251311457, 0.0003331706624656623, 0.0003271996904536161, 0.00013365288275241904, 0.0001280344183704315, 9.363565559204125e-05, 7.252304197580629e-05]
		]
	},
	"mix":
	{
		"kpca":[
			[0.3551223092427951, 0.1402415068173476, 0.06934247865763492, 0.06634217201129812, 0.0501327182363922, 0.04562710927926653, 0.04275589023686299, 0.04121496005690863, 0.03785156473295162, 0.03621940930499218, 0.034954996848534974, 0.027598975251971154, 0.01863479971553941, 0.012749047177290966, 0.012281892541845224, 0.005350223444193202, 0.0015752707063657206, 0.0009604185819524185, 0.00036759085787248697, 0.000342036419691316, 0.0001433026121045193, 0.0001397282517649456, 3.4233524861009034e-05, 1.1195128664803797e-05, 6.170360898003219e-06],
			[0.29794077287663273, 0.13260648452085624, 0.08260020242268411, 0.05872842170619144, 0.05301340484081549, 0.05120549178001667, 0.04809950789138423, 0.0422452424784336, 0.03843154815756895, 0.037513191278941205, 0.029462655362439, 0.028748933849559236, 0.023172333974566955, 0.018691778427653707, 0.017767360221554264, 0.011130981324213536, 0.010297023745528067, 0.009114685883128526, 0.003928634732291144, 0.0026592702669949687, 0.0008045863382543948, 0.0006129159740151662, 0.0003512354607895416, 0.0003190114996139906, 0.00024012155169148786, 0.0001335661029633284, 9.863417162413402e-05, 6.427693824925907e-05, 1.772622134468317e-05],
			[0.2994621336444401, 0.10990213083376082, 0.07681559648710408, 0.06503944268266959, 0.05417948274855071, 0.047452455498436685, 0.04614520841678478, 0.043442607248455466, 0.04270797724917671, 0.03439118832575809, 0.028547446577149298, 0.023971614341419333, 0.02025136845614985, 0.01998453259049632, 0.017576627293559098, 0.01715599475956284, 0.009698710829253132, 0.009432207416909755, 0.009051236773666668, 0.007992044310017469, 0.004773698582838494, 0.00374100730006611, 0.0032433825130617064, 0.0015712566796767381, 0.0008487583582053793, 0.0006780238909768546, 0.0006373510814046697, 0.00043984327852905907, 0.0002299026061933335, 0.000205753428561728, 0.00018172029932242214, 0.00015780128957280207, 7.972185561767876e-05, 1.1772352652158369e-05],
			[0.25459967655856774, 0.152181154930977, 0.14175849338515809, 0.06193483118138491, 0.05914867386595432, 0.04915498676464383, 0.03777085135935601, 0.034222900060941926, 0.03178152225326711, 0.02144060609704388, 0.02132507228659564, 0.018684703985696438, 0.01828616241737121, 0.018255493884339804, 0.017330322858724382, 0.011461530585884793, 0.010964568352959928, 0.010340247039930759, 0.006036543574970584, 0.005922978392023568, 0.004858730194356796, 0.002413380437325838, 0.0020575364393404156, 0.002003666399887647, 0.0017241934954279495, 0.0014088418174404778, 0.0008892892989417199, 0.0008363914629637239, 0.000549702391186251, 0.00022188419152552286, 0.00016763792633124315, 0.00010726248877854766, 8.964817564704948e-05, 1.371735223846579e-05, 1.3339835266088434e-05, 1.0073655963240115e-05, 9.409513826482795e-06, 5.3939745621263665e-06, 3.947563337251457e-06, 3.917698136090792e-06, 3.8184985476963465e-06, 2.5592145547295254e-06, 2.2700557913375095e-06, 2.0680828314889636e-06],
			[0.20391468704634094, 0.15616271931117875, 0.09676856412317546, 0.07796040387931884, 0.07396129839751985, 0.06964072144120462, 0.04834690903099479, 0.042583502115103894, 0.03933911331878536, 0.035420579809409915, 0.024724186519910308, 0.023004173568144753, 0.01845669399010779, 0.013894310089421097, 0.012809536310468736, 0.01260951726361294, 0.01046788093141314, 0.0070153195546270196, 0.005913148036974478, 0.005011972906693165, 0.004836564119077503, 0.0037021269660450673, 0.0014504108099489149, 0.0013955327817518832, 0.0013699208591774633, 0.0013250621057768746, 0.0011382860710440464, 0.0009604976121480238, 0.0009399581561555414, 0.0007943087324640967, 0.0007601323107496827, 0.0006023270338242644, 0.0004640798131963318, 0.0004387384977729509, 0.0002566654074227456, 0.0002356300101257498, 0.00023173326341003177, 0.00012703678563574848, 0.00012074868954538504, 9.806116948748795e-05, 8.38117258217192e-05, 6.099034668084519e-05, 5.911717227289095e-05, 5.7457272410092824e-05, 5.278894209471518e-05, 4.0672312937180204e-05, 3.538948078078882e-05, 2.8117566209884553e-05, 2.5156253429206736e-05, 2.3793978349590737e-05, 2.327608001525632e-05, 2.248625974896349e-05, 2.2032109394816e-05, 2.043029327521111e-05, 1.5862914461650956e-05, 1.5427207927425616e-05, 1.4131855865434179e-05, 1.4062996652719005e-05, 1.29405478238033e-05, 1.2362545493153602e-05, 1.1969721439056105e-05, 1.1104421554447881e-05, 1.0991690991960586e-05, 1.0947515456636166e-05, 1.0217596369761561e-05, 1.0205839003672877e-05, 7.190163278020221e-06, 6.149797259081401e-06, 6.025620842764286e-06, 5.548959574899585e-06, 5.144036006717422e-06, 4.310822482378199e-06, 3.935240658590636e-06, 2.8918742711639442e-06],
