{
	"original":
	{
		"pca":[
			[0.17437261664777892,0.07533826407180835,0.06394243266101106,0.06134110386249494,0.05272117980705965,0.04729595304693854,0.04344315944498834,0.042279763151358084,0.03935962424456166,0.03789997570589061,0.03674180805140925,0.03606237860184252,0.02995879651708142,0.029502187656129695,0.029405837509482922,0.027214407741552402,0.027093486224832156,0.02390527015224942,0.022612881246054005,0.021165018198638585,0.018834981954832526,0.015884401884852843,0.0138520014254445,0.007885531850855113,0.007786266178164572,0.005876140122130437,0.004424591371261559,0.003799940669295932]
		]
	},
	"mix":
	{
		"pca":[
			[0.17838751658253196,0.0727403935531876,0.06695923657391828,0.0593282784813659,0.050903214580863734,0.04652464800004116,0.04195854028018138,0.04109966473953761,0.038002409629826324,0.0369675285478903,0.03659223406608632,0.03481887917029291,0.029175413276633953,0.0284848723186907,0.028391900806912354,0.026977317768595875,0.026275774169292682,0.023081012730066228,0.021833230729737717,0.021426244274412955,0.018831469611756243,0.01818549214423551,0.014953525261722255,0.010546494563592733,0.007561309608942949,0.006466810418862609,0.00559575098702985,0.004271457006496994,0.0036593801172949284],
			[0.15868355830307915,0.07800049868369578,0.07232391501743338,0.05862389116336296,0.05297520915516489,0.050765746593269996,0.04473322323006787,0.03704856025354728,0.034520523425703074,0.03385551342967048,0.033395988789385135,0.03215703366078301,0.030598526755928553,0.029108138547003483,0.02792156813419694,0.025362722646127496,0.02495176249711615,0.023493833023081355,0.021946074741295125,0.01967000837663159,0.01961969081493777,0.01598124379436918,0.015505452125352582,0.012316936337421123,0.009311507105062527,0.00732343765093263,0.006697757988022588,0.006596668173274197,0.005003536534409991,0.004236243686819958,0.0038872650234977133,0.0033821891435637636,1.775195792289451E-6],
			[0.17889678999951572,0.07251932600033661,0.0627463490550706,0.060123982088632816,0.05551233177757164,0.05362366650832769,0.05177829351166121,0.03999802052069559,0.03238982937578461,0.03095623315660954,0.030253384816632294,0.027588775652308203,0.02703794053281392,0.024549308788256074,0.0218726934317345,0.021769638271945408,0.021734402662046116,0.020052658084832725,0.01978425933803273,0.018848977516974175,0.017614389028135467,0.0171692581980593,0.016662069202787663,0.015098942783574938,0.011940423059127884,0.01160118029777061,0.009802686297530913,0.007182615173174991,0.006184173696311155,0.004486694210816316,0.003920545966414827,0.0033418515792424143,0.0029453348785070162,9.395266152927489E-6,1.8738226947908485E-6,1.0837534302364435E-6,4.5031243995996067E-7,1.7138404636595998E-7],
			[0.15338891462509366,0.08276189862774766,0.06632960144919285,0.045941476285149024,0.04394725700675453,0.04159961258411979,0.039566409733100175,0.03514237041088314,0.029477324995739407,0.029253165081206282,0.026495221956269948,0.024114764331704723,0.023256646698031777,0.02232124494812668,0.02190194646456004,0.021536453613358455,0.020807957180144304,0.02064278350924941,0.019965424861665554,0.01976589530359674,0.018292959821752722,0.017209623607125236,0.017153347843520326,0.015874918354778902,0.014700084927281514,0.014217849177279078,0.013944521813010003,0.013190749297134447,0.01282065621716643,0.012454642262046338,0.010417737087662051,0.007479090908548988,0.0067920041729996545,0.006646937596400444,0.00631096877588337,0.005715595375373739,0.00528322398051817,0.0032243343431735466,0.0029478309471391547,0.002355879216991655,0.0018062242138184163,0.0015123511535429029,0.0011542305316742693,2.54135134782365E-4,2.051939525493639E-5,2.7484006385224192E-6,3.092323747454861E-7,1.565464340282281E-7],
			[0.12386639482107514,0.07277176780109801,0.0680165433360786,0.053768196193236736,0.05032375849810348,0.04831099414781117,0.035026815894289916,0.033869592840832734,0.03181865614677147,0.028797917733411515,0.028461089791040423,0.027081137055965918,0.026449651632784087,0.02614873670405023,0.025430196016765598,0.025391785341342885,0.024426239071966213,0.023005782016338565,0.01883984304377108,0.01837729288779981,0.017785987649701362,0.01715847777324954,0.013254998649931902,0.013230086389332794,0.01273325232063582,0.012197456291994084,0.011490439332181492,0.01146091965783323,0.010837989698224295,0.009534195215959324,0.008749890549621327,0.00814974310848495,0.007973954805394793,0.006327223745903019,0.0056916316306428825,0.004973555230261425,0.00461701655204563,0.004522380847470569,0.00388087105444685,0.00372602649705803,0.0032984688316799607,0.0030479206668585393,0.002659711103137789,0.0025728857781134383,0.002517221904941516,0.0019303600235880446,0.001601012635310223,0.001167792212695397,8.98251710031838E-4,7.654023094348344E-4,4.295724384356712E-4,4.0497025353234095E-4,7.231842096532531E-5,5.8599670651071176E-5,2.797647979896582E-5,1.954173195002783E-5,1.1079600353028414E-5,7.571767627576326E-6,6.495930037410169E-6,3.987456705214205E-6,3.5504532303983694E-6,2.9186275729384557E-6,2.054031851953358E-6,2.0236792127830906E-6,1.8789806663672981E-6,1.8703739200594822E-6,1.8148872185981262E-6,1.2848115426804346E-6,9.915270611079463E-7,6.377786347883548E-7,4.906074468172205E-7,2.564575660451585E-7,2.0376955408385017E-7,1.9575029255466437E-7,1.3293630526343597E-7,2.743147935532067E-8,1.9943451219082623E-8,1.9052237994998364E-8],
