{
	"original":
	{
		"pca":[
			[0.17437261664777892,0.07533826407180835,0.06394243266101106,0.06134110386249494,0.05272117980705965,0.04729595304693854,0.04344315944498834,0.042279763151358084,0.03935962424456166,0.03789997570589061,0.03674180805140925,0.03606237860184252,0.02995879651708142,0.029502187656129695,0.029405837509482922,0.027214407741552402,0.027093486224832156,0.02390527015224942,0.022612881246054005,0.021165018198638585,0.018834981954832526,0.015884401884852843,0.0138520014254445,0.007885531850855113,0.007786266178164572,0.005876140122130437,0.004424591371261559,0.003799940669295932]
		]
	},
	"mix":
	{
		"pca":[
			[0.14817489334499379,0.0709403743629841,0.06314303228843253,0.05348848336119869,0.0524334469840516,0.04347954906285399,0.03998115603028567,0.036904107355883856,0.03661877634821968,0.035750861565657675,0.03245901900633149,0.03151467101195057,0.03130873245764267,0.029204171800627867,0.028734447452435228,0.027890900068392593,0.02541194699091424,0.02494301014208272,0.02349099641085809,0.02296409121675234,0.021988705159074414,0.019637675557692247,0.01798089729897125,0.017791379913040816,0.013472268162482402,0.011704477514319633,0.0115729901226756,0.006651075369585287,0.006597951606716935,0.0047989710228370465,0.0037619796129355256,0.0032989744266901998,0.0019059869704293817],
			[0.16718025498417136,0.06392353654538492,0.06266318254401937,0.05479193581221706,0.044733199765852785,0.04091953894071305,0.03712335616704229,0.03672440570766284,0.03339612039197773,0.032158180820707656,0.031874746861242906,0.031039568825022158,0.030598083175526303,0.029732825873315553,0.029291512980733653,0.027325728935010906,0.02533516363599085,0.025032004663525724,0.024950176927269464,0.02309087430368036,0.022854133129333896,0.020283232218054028,0.019186674239345457,0.017577816699960988,0.01598119627135271,0.01338406789416359,0.01221677349775188,0.007940850938828008,0.006608919705677558,0.005003861194740065,0.0038087672824788864,0.0032693078736838,1.193562127291035E-9],
			[0.15170585093787772,0.06392584887540256,0.057736014642529664,0.05316473415678826,0.044733459321554044,0.04458840020571463,0.04005754022844737,0.036929065301370925,0.03605134651786524,0.033396761738859616,0.03216233488611713,0.031689274843894395,0.030608315156529776,0.030118623014527564,0.029942551862843895,0.029360149853349584,0.028137312095152023,0.02503187214173016,0.024950434324605086,0.023106148801890006,0.02308571020663932,0.02028222053808196,0.019184300997528728,0.017658313633899622,0.01598112665554522,0.01332621129814281,0.011741681207757499,0.006677595340585333,0.006610656127758728,0.006144148975381154,0.0049540986393960445,0.003737127532215759,0.0032207699400183076],
			[0.15100599419300811,0.06623997681155631,0.06392343136375253,0.057360336982270665,0.04558317307992355,0.04473833726968722,0.04260591135633215,0.03714127564910667,0.03350386004312967,0.03251781360741685,0.03214503982999912,0.030634657563429875,0.030280801880188554,0.029739143773464285,0.026357094251194552,0.02505844218528755,0.025029913207284572,0.024947872508786162,0.024407266538939123,0.023090792132510893,0.022767062601818693,0.02028319823844054,0.01918667503948047,0.018270109870894818,0.01596331754633064,0.013497318068098724,0.011784061326727643,0.007148839280237184,0.006604370504874905,0.006445825710587404,0.0049367931748721,0.003706988821089324,0.0030943055892789905],
			[0.1582012248380278,0.0752847462937181,0.06392637600911227,0.059230198087446284,0.053064829523116606,0.04988680087675054,0.04473311141625295,0.039938109912122224,0.03773365254101685,0.03591257767592802,0.03339607144705479,0.03216556681863524,0.031045007949211157,0.030587808948787487,0.028318081009432717,0.025030836599085657,0.024950518866083144,0.0232382629716859,0.023090700454842076,0.020281887164870463,0.019186687690904737,0.01763000180018567,0.01598094839824689,0.013476054259213104,0.011560311359770647,0.0066672125810881624,0.006626022477645745,0.006270182389742656,0.004855094037907361,0.0037391759696049193,0.003212356262512653,6.198154666514995E-4,1.5976790334584678E-4],
			[0.15593634827868047,0.07534903442960347,0.06392336670788464,0.05356981018466392,0.05044662498748208,0.04473317153089747,0.040168311353484455,0.03688300823574439,0.03597964405137685,0.03350705266044975,0.033394419694752625,0.03215740922271528,0.030599159392745805,0.030504974158177666,0.02936353009895363,0.025629463887998704,0.025032054003186328,0.024950163661207087,0.023148486298675355,0.02309048742100045,0.02028324194388532,0.019186671785182966,0.01778038139240573,0.015981187918327294,0.013473130863227791,0.011750100817080368,0.007974836828088127,0.006668132520030992,0.006579261152141764,0.004981753832383656,0.0037526519234427984,0.0032217861954927348,3.425686302993569E-7]
		]
	}
}