{
	"Linear": 
	{
		"pca":[]
	},
	"Quadratic":
	{
		"pca":[]
	},
	"Cubic":
	{
		"pca":[]
	},
	"Logarithmic":
	{
		"pca":[]
	},
	"Exponential":
	{
		"pca":[]
	},
	"f(10)":
	{
		"pca":[]
	},
	"f(100)":
	{
		"pca":[]
	},
	"sin":
	{
		"pca":[
			[0.4184632549198096,0.29883793681152326,0.18922244196410118,0.09347636630456593]
		]
	},
	"mix":
	{
		"pca":[
			[0.43564519451924216,0.3184075479065697,0.1513793668805866,0.07484699382377698,0.019720896869824506],
			[0.4032959390689424,0.27297786071377195,0.113783680808153,0.09962558013781021,0.06821819980565945,0.03952098721364447,0.0025777522333207065,1.8493272309436103E-11,2.04783541988653E-13],
			[0.3791591357849389,0.3022862378412027,0.123029063078204,0.0774915824811836,0.04047367568301654,0.03600131978356632,0.029099027683475984,0.010598889479420176,0.0018225556589280577,2.483862746008969E-5,9.963757797167315E-6,3.710139421822872E-6,9.272968603643738E-13,4.573676486831323E-13],
			[0.48254811913964113,0.268641936457768,0.1475243532265408,0.06300429412920742,0.02631539287281541,0.009140487206503017,0.0017608059301202899,9.350678978523718E-4,1.2738231663971723E-4,1.1837624448300926E-6,9.77036580071102E-7,1.27495325742981E-11,6.105650258729335E-12,1.2629332070427286E-12,1.2152680101777302E-12,1.089998264761218E-12,5.345494712263439E-13,4.714697933298123E-13,3.4795386024216044E-13,5.864102659777028E-14,3.207962532551367E-14,9.613323256052156E-15,4.826557269602004E-15,4.348425091041599E-15],
			[0.3904191562285438,0.26301149059043966,0.1293493551803515,0.10544362317421552,0.04592808943464435,0.02862005708500068,0.02746525485240087,0.00755169510615758,0.0019339712716358423,1.9029723935540247E-4,6.167583856653855E-5,2.132718508631483E-5,3.706202491947038E-6,2.9746147249431653E-7,2.7166568812663752E-9,1.1459810010882038E-10,7.134804961389224E-11,3.975020656859156E-11,3.2345784370334776E-11,3.169729200424914E-11,1.8757675191267106E-11,1.2980296607523064E-11,1.1483559211305053E-11,1.0757041058954458E-11,9.700931035190319E-12,9.502303672559194E-12,8.863940912234429E-12,6.4925977558518815E-12,5.726398692168409E-12,5.7017905492845025E-12,4.984201193085227E-12,4.860854210172749E-12,4.005082274999616E-12,3.159242393592935E-12,3.0341529536592374E-12,3.0308337382132143E-12,2.5753490817971622E-12,2.5083470386456248E-12,2.4954996681986046E-12,2.044439901484794E-12,1.8143911079376271E-12,1.6963249129844348E-12,1.382558798111776E-12,1.3321445022784843E-12,1.3015877711427147E-12,1.2271164610061386E-12,6.711061377759235E-13,4.645403474372438E-13,2.0926034849567493E-13,1.777163887718125E-13,1.643283186156493E-13,8.847605197273096E-14,3.603812654265021E-14,1.1170294646855667E-14],
			[0.369976080143348,0.33216286642102344,0.10995479394633298,0.08412292356033593,0.05786845351190049,0.02362465259095859,0.013544521496441402,0.006850527239350752,0.0012950286423264229,5.195369037778124E-4,6.404919623216089E-5,1.0898749124011827E-5,4.80541482367158E-6,8.590466870875799E-7,2.302904299098613E-9,1.5078973291474676E-10,1.1985709433111836E-10,7.935505766065186E-11,4.602209651151885E-11,2.008379115756575E-11,1.9308116962755325E-11,1.8551852459936657E-11,1.8016590857620393E-11,1.7457691165177744E-11,1.635970718455874E-11,1.6156424804371485E-11,1.6041890233263265E-11,1.5776610616499466E-11,1.4671275849553908E-11,1.4529385874056118E-11,1.4067817846817334E-11,1.3817589400462622E-11,1.3569448164041364E-11,1.350655379407779E-11,1.2716977348291664E-11,1.1905638351785369E-11,1.1507700065021454E-11,1.099154464398154E-11,1.0357264550033195E-11,1.0218259821520742E-11,8.785501375612184E-12,8.44623542366663E-12,8.321789082890739E-12,7.976549296354077E-12,7.745570112481572E-12,7.650141677511071E-12,6.1985629442538965E-12,5.618726983508287E-12,5.543345519598892E-12,4.851407055774872E-12,4.392688389497322E-12,4.0620557890908256E-12,3.668443005185067E-12,3.4431866755049813E-12,3.247840207991825E-12,2.9882602174968823E-12,2.8910490929459206E-12,2.585725015997492E-12,2.3535985127102613E-12,2.295519392286411E-12,2.2868926657259362E-12,2.2036441716885897E-12,2.0405584117016094E-12,2.0223655715707793E-12,1.6425188309362236E-12,1.5781238839818423E-12,1.519554451363926E-12,1.4071367564725469E-12,1.3348612044123134E-12,1.2654806435527757E-12,1.2019409710587546E-12,1.0010703479383225E-12,8.601410049826507E-13,8.581164910894067E-13,7.297794313428377E-13,6.156705867598509E-13,5.624101481717463E-13,5.260803976140608E-13,4.0198145909067505E-13,2.923814784276509E-13,2.8207506093984177E-13,2.6888645943954675E-13,2.0454754765617295E-13,1.70235104640386E-13,1.1270071018764337E-13,5.781160772319676E-14,5.0512177597598654E-14,3.9605718632390145E-14,3.456360038802774E-14,3.3257662597463004E-14,2.6520086897231212E-14,2.5442482504105218E-14,1.845418946195988E-14,1.606923314083021E-14,1.5260509623562647E-14,7.42204918186397E-15,5.571902343700591E-15,4.204101278870981E-15,2.2243738248494072E-15,1.4860806000779108E-15,1.3023810643468128E-15,8.1182028970583455E-16,6.768531260582507E-16,1.807852342242902E-16]
		]
	}
}