{
	"ori":
	{
		"pca":[
			[0.4184632549198096,0.29883793681152326,0.18922244196410118,0.09347636630456593]
		]
	},
	"mix":
	{
		"pca":[
			[0.6054069906705891,0.1799064229910448,0.10102497931121918,0.06071712525108835,0.05273590673841676,2.0856906086891551E-4,5.291163673827807E-9,6.81960509479086E-10,3.6485805228674804E-12],
			[0.509567158070306,0.23277259613059204,0.10606309497897601,0.08394346545079166,0.05350209847176469,0.010948689101854217,0.0032025215618108906,3.762332077189988E-7,6.968988115236027E-13]
		]
	}
}