{
	"original":
	{
		"pca":[
			[0.38602389249897734,0.10008890640397766,0.09805353465868853,0.0654703640563738,0.06269335762797094,0.05883245153486211,0.05855613566436999,0.0512561875826438,0.03878975806577612,0.03575829079389065,0.02754104460704955,0.015330329903952979,7.031873801360237E-4,4.2133155644192666E-4,3.3589361338397196E-4,1.4097288477104788E-4,4.361166733435111E-6]
		]
	},
	"mix":
	{
		"pca":[
			[0.5086625481859139,0.1704522694965509,0.08859866913317564,0.055559549629228946,0.05328739401115506,0.04155143992713578,0.02809029665208375,0.017634316252899566,0.00908530257065335,0.0067234371653040114,0.005387838806329212,0.004290186121709505,0.003477174144302549,0.0032184061506204645,0.001675892508210355,0.0013827947172264476,5.342743717159306E-4,3.8821015578485946E-4],
			[0.45948185579959117,0.15281457695528386,0.08275219047826912,0.04952675340297688,0.04547235047834452,0.04544577689108568,0.03985080152253794,0.038135232546774436,0.03046974936480006,0.017332052745721565,0.01151166845049036,0.007026951382703451,0.004616451251245884,0.003944319735396151,0.0034825622372712736,0.0027898541533925903,0.002154636478102778,0.0013305570401582266,0.001116687673816792,4.2943088778126795E-4,3.151983613440969E-4,3.421629118471906E-7],
			[0.5215093332100774,0.13786001861435773,0.06577515899869701,0.037048265960720084,0.03703391452787261,0.036187346031515834,0.03566899234727175,0.031894901230550186,0.02524323047462247,0.024241973701784866,0.01445113352969008,0.00690908102118857,0.006285718319166928,0.004206437561734417,0.003768429533349083,0.003203755149143836,0.0026545854142245597,0.0021301021625813824,0.001420901612641122,0.0010564432429632123,7.460820098176178E-4,4.1103761155828893E-4,2.8127025206448996E-4,9.168808146289562E-6,1.2282343459087888E-6,8.651314594516343E-7,6.253084549503336E-7],
			[0.4894889353248876,0.152596369216538,0.07896715345978558,0.050142565462114604,0.04881875482340297,0.030461442168642393,0.027027010835176248,0.02595409697367237,0.02135993583744215,0.01239558820042871,0.010785755220701758,0.008838909242474845,0.007589940723174233,0.006019052831746759,0.005243371643947119,0.0051652914953380785,0.0038743730863104444,0.003041217974578685,0.0025304980638046035,0.002201722117757988,0.001823790816980909,0.0014364501695855597,0.0010317303140874813,8.754429795739828E-4,7.57683473905365E-4,4.3363835188072776E-4,3.454312814334644E-4,2.194107998156193E-4,2.0052610130602701E-4,1.396648420294996E-4,1.0726647681965217E-4,9.590658362659268E-5,2.5534322793671814E-5,4.675252264080289E-6,7.273671160283489E-7,1.0294178550168194E-7,3.3223070314104184E-8],
			[0.4042485923265967,0.15880533882936068,0.07397791239003722,0.055435881652773536,0.03444587904549821,0.03019387119307671,0.02861782523855549,0.02814323757026719,0.018700386838287213,0.016602732089523887,0.014968020225654388,0.01493105486563403,0.014922806690219472,0.014922059450769522,0.013920366524670222,0.013364756487487217,0.010892832179409461,0.008424276368720257,0.006168642252622718,0.005593751589648828,0.005418919056882935,0.004608537857019305,0.004148668270328136,0.003143472809444468,0.002531192221587167,0.0022038930699234596,0.0017156921537877345,0.0014313131060891338,0.0012343429672274794,0.0011875172628726075,0.0010185465839558424,9.183823377802261E-4,7.301585378642445E-4,6.691235725325282E-4,3.5871641011694656E-4,3.137225933885427E-4,2.44250631693977E-4,2.0720056617768923E-4,1.4309481836100903E-4,8.374840364992867E-5,7.919138168344293E-5,5.7718386372632136E-5,5.559208436759008E-5,4.7755200269822176E-5,2.997172232226584E-5,2.593740135180927E-5,1.7309208048690922E-5,1.6077188815740395E-5,1.3874706705035872E-5,1.0080394357394296E-5,9.72982560631501E-6,7.95458361182995E-6,7.4772254653907606E-6,6.350663164983938E-6,5.587377762185913E-6,4.3384965703970265E-6,3.5245590059046904E-6,3.2535477821916054E-6,2.851778684910152E-6,2.021785751847548E-6,1.6073269747991754E-6,6.519347746493153E-7,2.3539659195637722E-7,1.5017762940467382E-7,2.8432891862491135E-8,1.2148368242754963E-8,2.557277091251131E-11],
			[0.4061867989399744,0.12272520170938922,0.06968703065276556,0.059076977726855384,0.055692769840390455,0.04394640633610399,0.03939988654748977,0.03022470069891692,0.022774572640426972,0.017240717438285653,0.015311641709232217,0.012647128274155432,0.01176913967845629,0.01073828829504255,0.010453357801281187,0.00836025008065041,0.007529708483123299,0.007010699847648926,0.006802591098327027,0.006285394553913998,0.004876769409059186,0.00478178045481723,0.0034835369655463,0.0030618994843600736,0.002694830600322313,0.0024040461568139325,0.002189447760811666,0.0020221019935458074,0.0016242213285262606,0.0013461769912314692,0.0010711081482232168,0.001043458879280453,9.71655179751893E-4,7.334194918828348E-4,6.041238906848275E-4,4.6377301259797605E-4,4.411169764293757E-4,4.363707174985159E-4,4.122858550423081E-4,2.001686564392265E-4,1.2107697182135937E-4,1.1628485628249014E-4,9.60144546969416E-5,7.572700938358755E-5,7.145580564047665E-5,6.200196740110007E-5,5.737554802348681E-5,5.054030335825349E-5,4.541322173722409E-5,4.488050166071511E-5,4.198361227613068E-5,3.992289645750673E-5,3.7082667398899405E-5,3.609594364003633E-5,2.2099910436939573E-5,1.9894503494728318E-5,1.8749565635874124E-5,1.7476128044566764E-5,1.65951907559784E-5,1.5871168015175307E-5,1.5289530055187255E-5,1.3352575099981096E-5,1.2794746317818104E-5,1.262882445496605E-5,1.1982475874159409E-5,1.1229572778576788E-5,1.1153204556798208E-5,1.0977574711069531E-5,1.0724555115907647E-5,9.965984476216938E-6,9.871218940996744E-6,9.66481643487464E-6,9.476880402112259E-6,9.03285589156044E-6,8.56042386571929E-6,8.426876127127961E-6,7.72918514995054E-6,7.019090998316728E-6,6.283219990761918E-6,5.813177644398212E-6,5.4753686911788E-6,5.218395878410866E-6,4.808879644081085E-6,4.755960651396987E-6,3.84713761137487E-6,3.581364921888539E-6,3.4527762164012945E-6,3.117269189670437E-6,2.828951664408118E-6,2.7876488370794125E-6,2.7489620310048834E-6,2.717897875450462E-6,2.506616119981795E-6,2.4370851005036967E-6,2.3242675434729527E-6,1.6304094094864707E-6,1.5806293680260833E-6,1.5757432210678545E-6,1.4561855050248828E-6,1.2589497979099167E-6,1.185599995060289E-6,1.0813638670397212E-6,6.714092971700707E-7,5.448279108941809E-7,5.43807375455142E-7,5.392425606603918E-7,4.91428230489279E-7,2.3705344428513235E-7,2.0040321526644764E-7,1.753307075540323E-7,1.336770608677965E-7,8.46400355760085E-9,2.1040040656259577E-9,1.1522890579396998E-9,2.726852041811326E-10,4.370306621875668E-11,2.9997140689192623E-14]
		]
	}
}