{
	"original":
	{
		"pca":[
			[0.38602389249897734,0.10008890640397766,0.09805353465868853,0.0654703640563738,0.06269335762797094,0.05883245153486211,0.05855613566436999,0.0512561875826438,0.03878975806577612,0.03575829079389065,0.02754104460704955,0.015330329903952979,7.031873801360237E-4,4.2133155644192666E-4,3.3589361338397196E-4,1.4097288477104788E-4,4.361166733435111E-6]
		]
	},
	"mix":
	{
		"pca":[
			[0.4855661616366315,0.16488089059173308,0.07515822238045587,0.04908078548396107,0.04542859874798392,0.043973082244869434,0.0416030877682968,0.029036067026238916,0.01660728229443748,0.01285740214801808,0.007747046308918423,0.006732502695857193,0.004944120821771668,0.004303986196025165,0.003682755179768972,0.0028154777130313282,0.002478593512035177,0.0013446706045324036,0.0010363496445203505,4.1810382448413544E-4,3.0481132542188605E-4,1.8510070492457845E-9],
			[0.47873682052827116,0.14540748741465934,0.0747560302494913,0.07407554457173984,0.04343250389982188,0.039270700058345,0.03897054378420132,0.028660296930810656,0.016881867578962977,0.01622219867937882,0.011139635087926808,0.007251828993966007,0.005930218939407799,0.004551131790378736,0.004118411090553072,0.0029034801574937324,0.0026319652221614663,0.001966734812688577,0.0012816641465288104,0.0010823056263061118,4.21467675458993E-4,3.071627614475302E-4],
			[0.46633763889270374,0.14214247591879506,0.07452705510005127,0.06894708881700509,0.04546367630576428,0.043299158437630374,0.04198916276513725,0.02840926662860944,0.025202630563173185,0.017027543101514726,0.014392044917311343,0.007479636551384987,0.004707447938398725,0.004464096097503493,0.0038095746420667674,0.003510801345728361,0.0027116277422529634,0.0025005573727953662,0.0013643654454056815,0.001043622548159144,3.558878547991373E-4,3.146410138095999E-4],
			[0.45838685890122693,0.13733055633569222,0.0851509427600392,0.06779437046455947,0.04546258935340795,0.043246131587078386,0.03582735511051025,0.03153483949375481,0.027588053686335726,0.020536827573067247,0.014714360034046381,0.007484550325134465,0.005093567650268707,0.004572706799358147,0.0038380419925783224,0.003240740452775323,0.0026017896874298754,0.0025243214781917366,0.0013626259986165095,9.676245500736499E-4,4.3214177281434305E-4,3.090039930406019E-4]
		]
	}
}