{
	"original":
	{
		"pca":[
			[0.3655259914385821,0.14735559586388736,0.0757852157883584,0.05869819074065872,0.047733250039738634,0.04530152827114688,0.041637978632935856,0.04012870764008818,0.03745153283396423,0.034612627674198725,0.03163566514479969,0.02848455301959042,0.021209108245149568,0.011730785144548547,0.005290677836608555,0.004714726728522454,9.931592830856521E-4,8.222148678712904E-4,3.862611530389873E-4,2.3640160563887078E-4,1.2812395368886148E-4,1.0057308461585518E-4,3.4043534362488705E-5,3.0874749197105288E-6]
		]
	},
	"mix":
	{
		"pca":[
			[0.37405943872684727,0.15597989887820438,0.07306932053459367,0.056684702732805854,0.0458407431140556,0.043528603428425745,0.039972458864223064,0.038563358846987715,0.03617014273843269,0.03324384862701564,0.030631674864811803,0.02742202329995719,0.02061463533633704,0.011395507566064026,0.005285084592482737,0.004660340686386344,0.001173060904514709,8.327855780490506E-4,3.750812343005679E-4,2.3179090754202002E-4,1.2302476505828987E-4,1.0619284929646897E-4,3.331112692230156E-5,2.9639771397520696E-6,5.819546191678541E-9],
			[0.3238003911767009,0.16409447535244728,0.07677026826396312,0.058613021609987985,0.05415300490453318,0.04170051711137223,0.039043989939299535,0.035888114503605496,0.034448038278685984,0.03251995098443985,0.027427722998409978,0.02645201268496537,0.023090785477793443,0.017786875194109774,0.013787834512487773,0.00983660938420101,0.0063392066872582815,0.005351818257270207,0.004109896891419436,0.0020985779432975667,8.285685387852378E-4,6.95822432343001E-4,5.510706427789528E-4,2.145522089498682E-4,1.8103898137614323E-4,1.0496159780112569E-4,8.071129526172179E-5,2.760750663103796E-5,2.554639824781935E-6],
			[0.3130508781324447,0.1328392621436932,0.07888959940616062,0.05936100009398692,0.055414309852157194,0.048730147293145176,0.044548017977731134,0.037725019910843864,0.02822997328356141,0.02784442819354336,0.0276044358309585,0.025608113818144897,0.02448355740660207,0.02172593005989767,0.017349308882749364,0.015069505894234676,0.010062583322952661,0.008489095770970153,0.006487400289774406,0.0050023661865576784,0.00397046843980663,0.0033612153606892388,0.00141886518683197,7.120405045124416E-4,6.237370239456504E-4,4.6363534366799337E-4,3.8809182633516096E-4,2.0466774202517742E-4,1.509983520302371E-4,9.643683137647516E-5,6.656801659630124E-5,2.4873406630165626E-5,2.179073523595791E-6,1.2891419189920432E-6],
			[0.27569077490799115,0.1578179889534852,0.09048917515036284,0.06766403371138471,0.06573782912854241,0.04918898334064394,0.04183988933011876,0.03561852515783996,0.03280826383711503,0.023235485974944223,0.022623249227403577,0.021967146039474812,0.02171665869436419,0.019716576272191037,0.018755469667902976,0.01844986381816791,0.010449470862190034,0.00950830084914228,0.003857458573380215,0.0031084331480942294,0.002437347464635763,0.001908754312052059,0.0017150883160992148,0.0012505447262395805,5.725330054010096E-4,5.437440790877094E-4,4.1992024735230536E-4,3.630970027529221E-4,2.0202295528600736E-4,1.2919913384948256E-4,7.54713146556305E-5,6.548989419680141E-5,2.670310320460049E-5,1.967936151694475E-5,5.5860285254340015E-6,4.543042505777906E-6,3.6939234911378534E-6,3.0764326178986837E-6,2.7490131486653928E-6,2.3739246825975087E-6,2.309359928533512E-6,1.6751429137366849E-6,4.990152175407998E-7,3.225558994776537E-7],
			[0.2864542346322327,0.15003769126538477,0.07673752554463577,0.07082557917944741,0.05845192899094567,0.05403445702486895,0.04629967374454708,0.03971983259901416,0.03040857914799325,0.023992789494118778,0.021034826568016148,0.017889839670108938,0.015219155804165519,0.014472415709050638,0.014160471464181161,0.013752702340382807,0.013510366036589392,0.012439298206239235,0.007114384294467378,0.006224466351031827,0.004934105858769422,0.004054707340873715,0.003893186345609107,0.003384209178475547,0.0015922519015541929,0.0013300848016483114,0.0012031166129340702,0.001042493594080266,9.612506184963935E-4,9.160685021202826E-4,7.513288798056671E-4,7.401686116618745E-4,5.661508915364683E-4,4.015183585338401E-4,3.4258803688078446E-4,2.3183544832563175E-4,1.743927304855965E-4,1.0665825914815122E-4,1.0290764220585724E-4,9.08037496255746E-5,8.724258149657657E-5,4.9410315326452825E-5,4.0330771380453967E-5,3.183072884501189E-5,2.637573932032191E-5,2.2715851345184147E-5,1.901051943742544E-5,1.623702808610797E-5,1.1383816485374234E-5,1.1363886538662273E-5,1.0023723226468055E-5,9.472660936140878E-6,8.23649946289199E-6,7.813949749484915E-6,7.640309802807741E-6,6.96999077368729E-6,6.633545538324538E-6,4.601859436205589E-6,4.419377829181551E-6,3.694223704448319E-6,3.1528264938434313E-6,2.4941980898354882E-6,2.0830380931696575E-6,2.0055362544304678E-6,1.631807813995508E-6,1.0008037914097438E-6,6.26108680129273E-7,5.705656030517076E-7,5.213962421630629E-7,2.28714048985791E-7,1.609088176102378E-7,4.915045853449087E-8,2.19191979376608E-8,2.1750169516811867E-10],
			[0.2854572504436942,0.1456103258843223,0.06927722118493919,0.05372414505853551,0.05193106905198029,0.04720824782635989,0.04263785060220366,0.03996047718153213,0.03943725188838227,0.03743405972241236,0.02733010661620675,0.02442942837068304,0.020281702875466778,0.017236806782406036,0.013856164134185571,0.011491767438391184,0.009023023733348614,0.008236611010546683,0.007467205918816141,0.0058204200198050254,0.005347073074117997,0.004804911302483085,0.004203506435353284,0.004033691093308334,0.003167155304246799,0.0028773016067635843,0.002641101796633334,0.0020603262692579093,0.0018111067025303753,0.0012049472176552942,0.0011888745376681202,8.511239169916977E-4,8.279402635925872E-4,6.675851938262256E-4,6.668846434559503E-4,5.553611492706682E-4,5.494414489083902E-4,4.6357792467420045E-4,4.12106966606362E-4,3.651623541917418E-4,3.283616381802036E-4,2.8036136646230014E-4,2.586560663733592E-4,2.4096679747991767E-4,1.991742916040558E-4,1.9459498303946765E-4,1.6744664447625646E-4,1.5793599565092358E-4,1.2233172132524798E-4,1.0958872780027708E-4,1.0316563650757033E-4,9.97800228070709E-5,9.255873266691247E-5,7.05091881716384E-5,6.591947470343986E-5,5.934597184910779E-5,5.655895374036023E-5,5.238297389460706E-5,4.572360381304142E-5,4.50189909536091E-5,4.376571138906594E-5,4.2784372612084093E-5,4.2685782519403105E-5,4.2558345780620575E-5,2.927006846946819E-5,2.8655748800435316E-5,2.8349648885414597E-5,2.5848511039351448E-5,2.4742090031004117E-5,2.207614487795453E-5,2.0758501017099546E-5,1.9421553293966388E-5,1.9381550601071622E-5,1.8800538826996682E-5,1.7643877010976604E-5,1.592168866466897E-5,1.5409522750995615E-5,1.4683712331802195E-5,1.4623088311828445E-5,1.336297089111226E-5,1.322522439251279E-5,1.2933057462330714E-5,1.2345072784763444E-5,1.2116881233047577E-5,1.1668409967744525E-5,1.1380653293868981E-5,1.115709287303488E-5,1.0819041710963599E-5,1.0234210751877818E-5,9.750127926581046E-6,7.904124879665427E-6,7.590635266629275E-6,6.498109402033501E-6,6.468645374803453E-6,6.170305057549823E-6,5.768727172239452E-6,4.969192390097148E-6,4.530765726782723E-6,4.4288256324079206E-6,4.095496623404798E-6,4.056945348693236E-6,3.987679775723714E-6,3.3536522040884163E-6,2.820902695517139E-6,1.80228427056454E-6,1.584076354099882E-6,1.078112209302785E-6,8.145242517893545E-7,7.884061249135713E-7,7.529086692057287E-7,4.040156667031555E-7,3.923635901400981E-7,3.901830937220698E-7,3.901345683874807E-7,3.793598369992669E-7,3.350362956873663E-7,3.113611091626509E-7,2.645075861133437E-7,2.192973833497599E-7,1.3748562695513665E-7,6.769733382967531E-8,6.402202045668026E-8,5.899030127762241E-8,5.129840209989253E-8]
		]
	}
}