{
	"original":
	{
		"pca":[
			[0.3655259914385821,0.14735559586388736,0.0757852157883584,0.05869819074065872,0.047733250039738634,0.04530152827114688,0.041637978632935856,0.04012870764008818,0.03745153283396423,0.034612627674198725,0.03163566514479969,0.02848455301959042,0.021209108245149568,0.011730785144548547,0.005290677836608555,0.004714726728522454,9.931592830856521E-4,8.222148678712904E-4,3.862611530389873E-4,2.3640160563887078E-4,1.2812395368886148E-4,1.0057308461585518E-4,3.4043534362488705E-5,3.0874749197105288E-6]
		]
	},
	"mix":
	{
		"pca":[
			[0.3589105695224749,0.12335432785277861,0.06914514692911143,0.0619036437047492,0.052436706861421316,0.046376955235945774,0.04295649642464381,0.036466829594699525,0.03502654024234197,0.03446919232912759,0.03181283589556303,0.0308313752691182,0.02851634520742769,0.019605156633714167,0.009850138016720538,0.0054019807061815054,0.004540530430573464,0.004016822147246235,0.001687406928840263,8.205091272908793E-4,7.034767806706665E-4,3.8893583575227113E-4,3.258187538713934E-4,1.9415638204467702E-4,1.4019531544670787E-4,8.365783182622048E-5,3.072385227367381E-5,3.099776894194979E-6,4.2641125015571467E-7],
			[0.3136735697531486,0.1810876421907112,0.07472347061924034,0.05467803363263209,0.051844721571737376,0.040269135718310124,0.04006682672934906,0.03537403773421531,0.03442262219371334,0.03415713173538567,0.03192329960892921,0.026287649586811002,0.02583838111382283,0.015516674948514567,0.012541334885592972,0.009929310870171678,0.005494464581338279,0.0042000888835748255,0.0034967505235445374,0.0014551391348487782,0.0013972340865190972,6.363914713060144E-4,3.783313281388451E-4,2.4766734499084657E-4,1.5532915752241135E-4,9.883718972396123E-5,7.622138133759853E-5,2.7147721122939228E-5,2.55430374666578E-6],
			[0.3210483478448169,0.1422186393485347,0.0728577413923286,0.04989564121298759,0.0453893183600897,0.040203341917968205,0.03615696565594799,0.03542457418710354,0.03448912759556991,0.034422006368252156,0.03159711158780223,0.029399095248345674,0.027934497537339235,0.026880693392502552,0.02307994289739035,0.01802120800284168,0.011309708699314506,0.008578403478318185,0.004198771979805976,0.003415924673102092,0.0013138644940568673,7.739435842115323E-4,6.710264053473454E-4,3.1888551629513537E-4,1.8541977844706463E-4,1.0539788967437868E-4,7.971002974270878E-5,2.8137175159551077E-5,2.553746703888459E-6],
			[0.32256873461574026,0.14237477569563012,0.0811363464114216,0.059195906661886816,0.04557110563803335,0.041802644611548874,0.035910227426393534,0.034519438208718736,0.0338538293613696,0.032229832117174,0.030751689495154118,0.0282826560523198,0.02658078445777043,0.02290371380927187,0.018833796815187043,0.01609736896464418,0.010137875583170603,0.006359094424932352,0.004138155147592429,0.003283361416555719,0.001275292545543264,7.982718185990765E-4,6.753478499858709E-4,3.15653973476599E-4,1.883834469729558E-4,1.0446614744608197E-4,8.059351861103185E-5,2.8098995714241545E-5,2.5547891354858866E-6],
			[0.3548345445590761,0.12224803245345245,0.08770424025884264,0.06896485155406931,0.05270517045427663,0.04854427494158697,0.03950200070898783,0.03575257307636584,0.034425261886345614,0.0332030472252217,0.028869531990489233,0.027184896697348623,0.024629226369763255,0.017983766661197137,0.00979722464012145,0.004499703572542398,0.003945336187706814,0.002954578671543772,8.205890561126308E-4,6.816739815057514E-4,3.21886711408687E-4,1.9563210726734605E-4,1.0921180927838014E-4,8.337643635552312E-5,2.8559294632906897E-5,8.373410186448888E-6,1.799240377335689E-6,6.343037463819061E-7,1.7401907138047089E-9]
		]
	}
}