{
	"ori":
	{
		"pca":[
			[0.17912973437226037,0.16069537344129503,0.11526639746790868,0.07363759023306127,0.050577472613776556,0.04799297842917915,0.04777143980641533,0.04757950296536179,0.04734970547459848,0.0468326567930616,0.04420223322559523,0.04385075294713138,0.025004992879464786,0.020458197811657492,0.017683172586799495,0.013337327680369984,0.008602745097484632,0.00561584617573377,0.0022018550540526174,0.0015517099884190815,6.583149563733292E-4]
		]
	},
	"mix":
	{
		"pca":[
			[0.14992541468722764,0.1375082613704547,0.09379535431877067,0.06625651954908394,0.06365831572483112,0.05018720897792398,0.04101461086925184,0.03881395052711314,0.03846300778015576,0.03845572996643779,0.038331163020783265,0.03802650268868142,0.036622985430281675,0.03560036322087545,0.032787205348821936,0.02678185146428504,0.01879125607409061,0.013546228237141428,0.010743394634870087,0.010128128766475909,0.006872630638708769,0.005800078649867367,0.0043864647436352485,0.0017528577856274917,0.0012244476085224044,5.260679160816116E-4],
			[0.1830792071593547,0.14243860801568597,0.09844967740407398,0.06387116893167312,0.04226559166886338,0.04084745353919042,0.039700460756149275,0.03869763235164582,0.03854774425436177,0.03840384576222759,0.03822508653943185,0.03692339647108726,0.03471129679855941,0.03437569863777687,0.032916265764406184,0.02082453112895871,0.01991664419661852,0.01559559086809493,0.011157890729131729,0.009855294605327787,0.0069210296501020525,0.006040574595584597,0.00315859797791222,0.0016073099646873932,0.00101787579439903,4.5152643469544305E-4],
			[0.1788657231990511,0.14111001493031894,0.09531098044751143,0.06377251416278977,0.05981536435559455,0.04110016866491005,0.03922630919655627,0.03856077090349328,0.03849527835818638,0.03837902474022768,0.037318494462368144,0.037065446565380106,0.0357590461080732,0.03529497445704526,0.025690097982934767,0.020203328435517098,0.016694455925558002,0.01484287600238416,0.013164593976347115,0.011355492825320614,0.007148502086457095,0.004525742758533494,0.003707963072802331,0.001245716863523811,8.60371201345497E-4,4.867483177699005E-4],
			[0.16218081573335735,0.14022442985457848,0.09417048414585838,0.05959068692068794,0.05337407916024541,0.04087382476728285,0.040101015255712136,0.03871656754812327,0.03855335939010997,0.038494622120800424,0.0384264438705755,0.03822595473371352,0.03803305870517005,0.037560349420823806,0.03533171364499389,0.034573824354326196,0.020164787448681505,0.01622956498310735,0.011059346888371398,0.007023728518196153,0.006387289915238566,0.0045006537792825554,0.0036453739185842307,0.0013345032074454086,7.409755619132987E-4,4.825461528203683E-4],
			[0.2272990463141059,0.14100905312496784,0.09499791416720782,0.05962062984603256,0.04698725909643747,0.04073166709859626,0.039120503908894405,0.03869374638829622,0.038552880326253744,0.038360083905606204,0.038208154458998354,0.037185795621070945,0.03556576701094423,0.03503192862667444,0.021243595027382628,0.02021689697094663,0.016248971547900188,0.011502623620707048,0.007028319346851096,0.004538621054121174,0.003500482256060363,0.0018795403402046733,0.001243607857593409,7.717796430097344E-4,4.5443072597890847E-4,6.701715157629016E-6]
		]
	}
}