{
	"ori":
	{
		"pca":[
			[0.17912973437226037,0.16069537344129503,0.11526639746790868,0.07363759023306127,0.050577472613776556,0.04799297842917915,0.04777143980641533,0.04757950296536179,0.04734970547459848,0.0468326567930616,0.04420223322559523,0.04385075294713138,0.025004992879464786,0.020458197811657492,0.017683172586799495,0.013337327680369984,0.008602745097484632,0.00561584617573377,0.0022018550540526174,0.0015517099884190815,6.583149563733292E-4]
		]
	},
	"mix":
	{
		"pca":[
			[0.17098928813697478,0.15339238340545874,0.110030724250461,0.08722437558210784,0.07028554014876415,0.048278489820316114,0.04564948191729886,0.045536808577968275,0.04537796396715357,0.0447060181853157,0.04219558047330485,0.041858534771061204,0.0238686500298709,0.0195285657790652,0.016879392392390166,0.01273169575067223,0.008211723356536508,0.0053611640521399285,0.00368232724926072,0.002101733760879807,0.0014811686406604545,6.283897523393068E-4],
			[0.1751872325758445,0.15963944647405875,0.11126624439461906,0.10142072763999732,0.07584510894568638,0.04099827363867296,0.038733917832586166,0.0385514250287577,0.0384190787945051,0.03785922607955926,0.036180205170243195,0.03552569141124437,0.025107967017386233,0.01999533894506176,0.01768193557178404,0.015843841646978787,0.012356427064940674,0.007061163781524722,0.004333911831948211,0.004130220496664599,0.002047777211062659,0.0012814819705503717,5.332211190782054E-4,7.935176568110309E-8,4.3901611966647284E-8,1.2103867326069526E-8],
			[0.22792283986908043,0.16931126117019757,0.11712935281175149,0.06423346390091501,0.05543202859477392,0.05209951210561462,0.03660829627921329,0.03249769828103431,0.03224812840806083,0.03208707966303026,0.03151020690079159,0.030431702089943106,0.028321590946678195,0.018264484080326132,0.017153440773162512,0.015187493100328055,0.012335507598858568,0.009015400006532387,0.008460644618229176,0.004679096118556712,0.0022858183932343828,0.0017796295958642837,5.319446627140961E-4,4.7039253138126004E-4,1.637726674939578E-6,8.130337462042016E-7,2.450057337685654E-7,1.5503324310514786E-7,1.19841810821344E-7,8.719656674267923E-9,8.138862509440593E-9],
			[0.16056273888708908,0.1461890172895674,0.09321174658571196,0.07529746907727275,0.0669373705579303,0.05200607884111101,0.046859821256380475,0.04676450086589451,0.031484401696638485,0.024719520981635875,0.024434572628416758,0.024407934542789646,0.024391809790578558,0.024346727976064384,0.022790497221543783,0.019849805478468322,0.018585368278320167,0.01818677451271693,0.01582013314378723,0.013374051576991577,0.01135520926817714,0.009390442050408053,0.00702527176392415,0.0066043065134331865,0.00498225380391386,0.0027841080859997845,0.0019825469977086756,0.0015139373921829174,0.0013504275569359424,0.001088361164191362,5.52191990810093E-4,5.191007815103538E-4,3.3601520703525596E-4,1.3214718618746317E-4,1.0552987625019325E-4,4.525614364781558E-5,7.4825877082800274E-6,3.5989832437733073E-6,1.0519176717522547E-6,3.396261136734191E-7,7.99140368991621E-8],
			[0.15005998276656612,0.13805164059302766,0.0906500869573237,0.06042356761685623,0.05661794609572999,0.05091499616555098,0.04770189383455951,0.04386215740562881,0.0397802822800359,0.038390373701468195,0.03622106071054259,0.034310518524721806,0.02815763509664691,0.020472530947472697,0.01896322753016641,0.01731871346131486,0.01511783761026274,0.01415153041242581,0.013446258646377173,0.010451529237274309,0.010147181500300745,0.009444748779068217,0.007442514046644717,0.006875183370579081,0.005783692599547329,0.005038031754332034,0.004893387855900417,0.003958807296392228,0.003910653172572787,0.0033879249184862337,0.0029588234773201224,0.002615514332963071,0.0016042141345471454,0.0014154718837963254,0.0012747841671642754,0.0010680396969694281,8.486089339596185E-4,6.225924734445651E-4,5.153516558289641E-4,3.5496676803162415E-4,2.0992802923167962E-4,2.0420091150674275E-4,1.3058054897441742E-4,6.45152629424574E-5,4.439931736780932E-5,3.085036251048905E-5,2.2976610285484185E-5,1.2665670084658559E-5,7.012947624394571E-6,5.999494793335111E-6,5.802136874511487E-6,5.696794179727886E-6,5.0411682728289744E-6,4.1619095402634E-6,3.945249077547531E-6,3.6675393618623676E-6,3.131783586216431E-6,3.0740610435189192E-6,2.1395971723485504E-6,1.9332591363973035E-6,1.4253539702476545E-6,1.2114826249821684E-6,6.496426982756312E-7,3.383809353175649E-7,1.9427358513765864E-7,8.777455290825566E-8,7.500397189405384E-8,3.001407596553179E-8,2.272546234106527E-9,4.4349832011853476E-10,2.9217273522215757E-10],
			[0.13797524320934934,0.11298954037695019,0.08989766921012358,0.0784616503023986,0.05155995021597577,0.04602310383126338,0.044385405938224314,0.04130015659176526,0.040281856624645146,0.03470325602473353,0.030964922433116944,0.02791888062145943,0.026896593492589854,0.025853446152571097,0.02518235483512688,0.021946698349532796,0.02066327316946325,0.0184887356360743,0.014797066938291815,0.013112277353361611,0.010517173792944897,0.008943696570544304,0.008525901637628047,0.007852204543021126,0.006914684879583228,0.006120159915240598,0.005951226720528425,0.005725785624165077,0.005030977708619551,0.004547796805117024,0.004280548853834218,0.003148518009751056,0.0028245725087142717,0.0025894279609906807,0.0020884112234479356,0.001611690759113163,0.001401616514607068,0.0012408629829258296,9.268023450979107E-4,8.653720106072357E-4,7.405199336204702E-4,5.841197201682583E-4,5.262983433933296E-4,5.0023774129255E-4,4.4595548879692996E-4,4.133331555989291E-4,3.72951171522595E-4,2.950456397230404E-4,2.648497842240632E-4,2.617436777336408E-4,1.907571315081871E-4,1.2794150621981359E-4,9.547443388861362E-5,7.844175225957806E-5,6.909622033596504E-5,6.61625184193061E-5,4.622999190998872E-5,3.692973181814219E-5,3.616959637987077E-5,2.5702450818774264E-5,2.4014653245584098E-5,1.9102629645050248E-5,1.7723308312130413E-5,1.6651201136820934E-5,1.6419412790096795E-5,1.5868468421422383E-5,1.455462080483156E-5,1.4117966789890556E-5,1.2933995588014502E-5,1.265762507287067E-5,1.0967249152639032E-5,9.924921233633892E-6,9.65776300671848E-6,9.497193479049716E-6,8.907457870090437E-6,8.863610692576496E-6,7.722414129151897E-6,7.535100618774247E-6,6.851569333194756E-6,6.1935971692529135E-6,5.892261211063511E-6,5.861942007208786E-6,5.217562697702695E-6,4.858693497325598E-6,4.796245609468399E-6,3.489350079795292E-6,3.322558043190759E-6,3.2944548056214027E-6,3.1870985098100785E-6,2.7658787285021503E-6,2.6497739382956464E-6,2.4197826772415885E-6,2.319460370725693E-6,2.1243180351049224E-6,1.8477349672673238E-6,1.737220508269179E-6,1.4361846607560211E-6,1.154734022897493E-6,9.975436128817914E-7,8.139646555023262E-7,4.796898293370403E-7,4.241762787540168E-7,2.607380233981784E-7,2.3444782094473716E-7,1.3997179247576458E-7,1.2346423725590198E-7,1.0518020933623768E-7,8.551179198892096E-8,8.473458870502718E-8,5.885049080691301E-8,5.1376911433220366E-8,3.912844190869744E-8,2.987346507632513E-8,2.2022845533015002E-8,1.8496100455238137E-8,6.959192619748202E-9,5.912229711206091E-9,1.8685012590640403E-9,1.7509884245494332E-9,1.284904650605103E-9,3.7709414205660295E-10]
		]
	}
}