{
	"ori":
	{
		"kpca":[
			[0.2534820564535133, 0.08919141521567248, 0.060994602457305244, 0.04202317944714675, 0.04170232783935071, 0.03983195901138798, 0.0389152254608858, 0.037191769739001485, 0.03338159258383371, 0.03263776258695058, 0.027560158362595504, 0.027484829988281757, 0.027335703558599135, 0.02637130482742015, 0.02617894352246317, 0.023519961365281884, 0.021845558308122875, 0.020480924047434658, 0.02035653675417205, 0.018318291739508923, 0.018212658541311422, 0.01440282022858924, 0.0143550152818701, 0.013838000320160694, 0.013574598494492832, 0.007358149519524659, 0.004823114856477586, 0.00463153948864545]
		]
	},
	"mix":
	{
		"kpca":[
			[0.21130386570611623, 0.08606501546617625, 0.06393809250083872, 0.0493072723138714, 0.048203936080447936, 0.04798687434599972, 0.042349510911800683, 0.041191177108624875, 0.032379183686591796, 0.030002255129091708, 0.02790508173660835, 0.027386840893025607, 0.024526964041204313, 0.023634508178703294, 0.022129007483278375, 0.019647959695763315, 0.01897746325217262, 0.018595952311125128, 0.018505416268125477, 0.01808301392964394, 0.017099516027047127, 0.015837155411199417, 0.015578719435225898, 0.015289663853972861, 0.014523954565693005, 0.011650703090445325, 0.009617160366034208, 0.007063774102827317, 0.005766884285150138, 0.005475921084080044, 0.005249841692578164, 0.0023705697271395915, 0.0023567453193970834],
			[0.3382428303721698, 0.12713344801980883, 0.10462277990207555, 0.09132416587355897, 0.05648270861973055, 0.04135423608710472, 0.020238325221148833, 0.017097644241609537, 0.017023441688802207, 0.01562547531338326, 0.013142581898513774, 0.010872693698783699, 0.010647736372129976, 0.009756642410039821, 0.009214894737614034, 0.009140890618678692, 0.008925116103489325, 0.008683386569655992, 0.00834460539956892, 0.008262690802617715, 0.008174226207973562, 0.008029125231764835, 0.007286495834124414, 0.0067481711944585845, 0.006687361835638459, 0.0066807308437139105, 0.00585354863462606, 0.00567667294223137, 0.005529749008850316, 0.005338039512062743, 0.005000488837652891, 0.002422423626177789, 0.00043667234024083056],
			[0.23235911008839782, 0.08324607017886906, 0.05909063625971184, 0.056308800821082736, 0.04675303341104159, 0.04128966138191371, 0.039427415976991224, 0.03815379470438126, 0.03064643846866167, 0.029814987007743775, 0.027661092345436237, 0.026342657548976803, 0.026321736623573063, 0.024742542957674543, 0.022609236998729382, 0.021902555496513577, 0.021625953981361308, 0.019633789976012225, 0.019062969936821102, 0.018583440285758836, 0.017573141985259645, 0.017383241679731754, 0.013430371503798767, 0.012787263876949815, 0.012448802424684508, 0.011714941119284438, 0.010032325311940957, 0.008562496276174147, 0.0039360440827957265, 0.0018332816075936358, 0.0018301518733502956, 0.0015692898605260254, 0.0013227239482588777],
			[0.20247061806383307, 0.07390574014568757, 0.05487361459421289, 0.044945656902443225, 0.03694184958354466, 0.0363378484061199, 0.03577854648152062, 0.034933456847013454, 0.03144861656563989, 0.028199821268170423, 0.027275819396682867, 0.025810839744797157, 0.0257683972384729, 0.025432712347768623, 0.024786401862585992, 0.023094799349174307, 0.022079727603895982, 0.0213886865784513, 0.0212076162247531, 0.019922967502138504, 0.01966981295670804, 0.01957510355978548, 0.01942474796534562, 0.019048711288153795, 0.018571221894810475, 0.018230530347770363, 0.018208911801134885, 0.015417921219430726, 0.015157374531181328, 0.009814276050612695, 0.0041514913366683314, 0.0033284278340379374, 0.002797732507454013],
			[0.2699285860477664, 0.1415181978540488, 0.09540379828382803, 0.06565243439376174, 0.05953707506036557, 0.04149897804023612, 0.029818047389522373, 0.02278132724225691, 0.022755809941830088, 0.020861579096677744, 0.018905947345360156, 0.01869324248310021, 0.01849039175795678, 0.01779360823565734, 0.016900754777999072, 0.01467736179000794, 0.013572415098924744, 0.013338934646733762, 0.013166192582062398, 0.012872888720348198, 0.01191383676536274, 0.011074264337633439, 0.008731101312179051, 0.008498608462635561, 0.0072121814784953334, 0.005129776937671366, 0.0037682961389084346, 0.0036516148815627196, 0.0030406190141820276, 0.0030337396098049116, 0.002794202452076721, 0.002183935779183363, 0.0008002520418599945],
			[0.17762728883810752, 0.11685089214714996, 0.11354122911668606, 0.06419242718291679, 0.047237802639173744, 0.043575692140079204, 0.04235320871002111, 0.03362104373261101, 0.026400743637534665, 0.02243852453462511, 0.021080564626072284, 0.020841844224873732, 0.018990401677603887, 0.018152560283328813, 0.01712445644692363, 0.017050181307765467, 0.01576864218844188, 0.015095124241955875, 0.014809686704599796, 0.014734032435584824, 0.014394725900330191, 0.01370841128606297, 0.013697823600455784, 0.013179973149241629, 0.013016742942914192, 0.011602708507118913, 0.011587207823955158, 0.01142802939109728, 0.011079168837421707, 0.009191467739274237, 0.008956964730676623, 0.005242302188249102, 0.0014281270871467635]
		]
	}
}