{
	"ori":
	{
		"kpca":[
			[0.2534820564535133, 0.08919141521567248, 0.060994602457305244, 0.04202317944714675, 0.04170232783935071, 0.03983195901138798, 0.0389152254608858, 0.037191769739001485, 0.03338159258383371, 0.03263776258695058, 0.027560158362595504, 0.027484829988281757, 0.027335703558599135, 0.02637130482742015, 0.02617894352246317, 0.023519961365281884, 0.021845558308122875, 0.020480924047434658, 0.02035653675417205, 0.018318291739508923, 0.018212658541311422, 0.01440282022858924, 0.0143550152818701, 0.013838000320160694, 0.013574598494492832, 0.007358149519524659, 0.004823114856477586, 0.00463153948864545]
		]
	},
	"mix":
	{
		"kpca":[
			[0.21404457999757562, 0.09063019345984445, 0.07662768303568, 0.04249629936434097, 0.03908357651573969, 0.036161867514775, 0.035859897982752006, 0.034033695485608466, 0.031150522239151913, 0.028376567395461565, 0.027650449201595147, 0.026765727721340123, 0.026060009934834732, 0.02598386096586304, 0.025725956966528542, 0.025486408944090815, 0.02533949816488278, 0.024698273295663868, 0.022697670208306604, 0.021927583687917813, 0.021236273552010004, 0.01922578353948912, 0.01765075090337204, 0.01733434441679542, 0.013965943674337533, 0.008912354131529914, 0.008534534899664586, 0.007400584755541582, 0.0049391080453062945],
			[0.3627786153149133, 0.14703147243102915, 0.11379569591778077, 0.07723332118710129, 0.04695855190791605, 0.029424299216583426, 0.019651945657920774, 0.018963711777562807, 0.016549555563183164, 0.013706022360400676, 0.012192475014007402, 0.01206834590262085, 0.01063905157132155, 0.010140206700276391, 0.00871813722258993, 0.008527958180694755, 0.008321005292358661, 0.008158966021749075, 0.007622717415010017, 0.0074340006506541986, 0.007096173802865861, 0.0062021084938901185, 0.006165743299013319, 0.006068280354053279, 0.0059023762682970824, 0.0052229297503221615, 0.005163258169218227, 0.005032760047915272, 0.00444538633082796, 0.003922989616699716, 0.003388774467934685, 0.0009384432767655975, 0.0005347208165225584],
			[0.10036337731142092, 0.08658970487709228, 0.07837033615789088, 0.061656703985538415, 0.057212111897166094, 0.055940124375507744, 0.04874565306843696, 0.04242645001043127, 0.04103543709925542, 0.03928647096820393, 0.037924746397260935, 0.0324785554102609, 0.030834142310715847, 0.02738169386282203, 0.023493116525951232, 0.02179388805662638, 0.02097249316901016, 0.015351600822353288, 0.014474539748229967, 0.013780818486731636, 0.013402069273158648, 0.012898770133720393, 0.01200322162900583, 0.011942369824883654, 0.011362581934668705, 0.0112460266985133, 0.011024123081954985, 0.010111958993458623, 0.009915252973920655, 0.007863878993088609, 0.007673215059095785, 0.00739225384109957, 0.006175275079434419, 0.005893365682282307, 0.004373599268582326, 0.0034326478178415146, 0.0018791961594933283, 0.0012982290148909447],
			[0.11009347325225198, 0.08880887607426753, 0.0809395321847697, 0.06960486095270797, 0.05541744407423509, 0.051916596006603886, 0.049127491956049756, 0.04849974357173205, 0.046415666083370936, 0.041421874041204065, 0.02779715566472844, 0.02664270666200022, 0.025289286177766254, 0.022269954453621354, 0.021949073431571858, 0.02014698307846219, 0.01910081861478553, 0.01349444361429725, 0.012088568123562904, 0.011681979742706051, 0.01133980438126029, 0.010458015629098245, 0.009964537912034142, 0.008470086052565098, 0.008149903382018188, 0.008041873379370052, 0.007985409148666208, 0.00791780076392042, 0.007240369423717242, 0.006970008068200511, 0.006487487423311906, 0.006392183786261261, 0.0062720021530459896, 0.0062691780161976155, 0.005871974734516306, 0.005198519900348195, 0.005018827764075776, 0.004154944985296223, 0.0038748032653323407, 0.00386040915038578, 0.0033974168174160145, 0.0033496335152497178, 0.002792384682419564, 0.002582804822978956, 0.00196290482155529, 0.0014849751575055688, 0.0011936204791527095, 0.0005915926234054882],
			[0.588750201450214, 0.0824146465300035, 0.05250328066771187, 0.03568507554586441, 0.021543284590282485, 0.01860729035904979, 0.015033984279518938, 0.012974706720124672, 0.012369824803420169, 0.010876730747696375, 0.008313337832966342, 0.008086750520508893, 0.006824048024308604, 0.006005313998826964, 0.005833332283111968, 0.004649239329559024, 0.004611597508760772, 0.004104782283172229, 0.003954646655268817, 0.0037270718437037087, 0.0036659233407628695, 0.003507987825718416, 0.003354375802114301, 0.0033435273969992367, 0.003129925274371215, 0.0029482255800039737, 0.0027093352475260424, 0.002626975585764278, 0.002595397508680184, 0.002532468803716893, 0.002437451177476166, 0.002421797639484195, 0.002395519321637422, 0.002328051996330176, 0.0022508193502630107, 0.0021304254090056, 0.002111874601114546, 0.0020243793131321927, 0.002018092101434003, 0.0019276359176271572, 0.0019257190039700044, 0.001878060707677141, 0.0018465589161704942, 0.0018326193193751407, 0.0017492018259588577, 0.0016582989045222992, 0.0016474696883597957, 0.0016008574924779395, 0.0015804300255565736, 0.0015712513318582627, 0.0015415544500287618, 0.0013401711610689705, 0.0012487220433587797, 0.0012308964982913808, 0.0011961893200722693, 0.001157525468403767, 0.001132482631482708, 0.001084777971345888, 0.0009960410396567898, 0.000994342406916393, 0.0009428699986492885, 0.0009313974035657309, 0.0009149623868628976, 0.0008504350188647138, 0.0008216988127897599, 0.0008048079101520623, 0.0007366049904896567, 0.0007358864855507246, 0.0006811226013503535, 0.0006624859597758636, 0.00064453911154003, 0.000588705044020714, 0.0005231587471296412, 0.00047578394082188277, 0.0004184689767526841, 0.0003299599851947213, 0.0002638610104778116, 0.0001307462422236981],
