{
	"ori":
	{
		"kpca":[
			[0.21233036533526228, 0.15416396065601948, 0.09791498753492238, 0.09006547601689184, 0.07725682286985942, 0.07679278893359397, 0.07594166082882467, 0.07375625922429133, 0.07001373864285554, 0.04871117142052284, 0.022993543922265887, 5.886357155032111e-05, 3.6104313996449705e-07]
		]
	},
	"mix":
	{
		"kpca":[
			[0.2361069198685504, 0.13760065982523648, 0.11034729380132516, 0.07377624069911096, 0.07320787300958871, 0.07279891492516434, 0.07192531757462489, 0.0715093918379184, 0.07130448571024209, 0.06388364176357943, 0.017483671329033477, 4.6410492760887444e-05, 8.873091894001697e-06, 3.0607097079415666e-07],
			[0.18172231751154724, 0.15072894809992063, 0.1072087588521092, 0.10565321605149319, 0.10545281334678949, 0.10078169288352383, 0.0706079879633616, 0.059814032554197295, 0.05613585245938475, 0.047829332072259916, 0.012759355766290184, 0.0007800936464836374, 0.00048265223750291883, 4.2380213979317464e-05, 1.954726154494493e-07, 1.587630422750607e-07, 1.226416662560702e-07, 8.946383275124724e-08],
			[0.1756029839393031, 0.15222379817047452, 0.12289673076808622, 0.1085748886520178, 0.09555706110060824, 0.08370413676256024, 0.07282168873833501, 0.06949870262733725, 0.03693690754459398, 0.027441481520528225, 0.020057238350331644, 0.01595212091705724, 0.01491531158228412, 0.0037036310062449136, 6.945009750186104e-05, 4.247445605627627e-05, 3.9899292024310476e-07, 2.774926075206088e-07, 1.7964340760447014e-07, 1.5883557472619385e-07, 1.4138139280082085e-07, 1.2889071795749038e-07, 1.0853005855325289e-07],
			[0.2247759437565363, 0.1419161327235295, 0.10918327026067784, 0.09523494393895876, 0.0898650756624289, 0.05676390219564007, 0.045855706077918376, 0.0433132297359636, 0.02784122261121904, 0.02559030327511778, 0.024582608029197685, 0.02420167169059033, 0.023966429741958516, 0.023906043641824058, 0.020202275265773628, 0.009725482330159132, 0.00616410012059504, 0.005694924254650729, 0.0007014926368217243, 0.00018282079413157093, 0.0001359890040650848, 0.00012686879878891927, 3.0450184634305994e-05, 8.738760369949277e-06, 5.340855785953451e-06, 4.732921799994367e-06, 4.362147273214095e-06, 4.146518575889832e-06, 3.9899856664636745e-06, 3.2928395632286054e-06, 2.184366585651969e-06, 1.3972529970459825e-06, 9.276202018831671e-07],
			[0.2592926813915334, 0.17895314828868775, 0.09171288030657787, 0.08918686782969688, 0.08895438275192019, 0.0804624460585222, 0.03245941062087948, 0.03193928194806343, 0.029891852976552495, 0.029138697302748835, 0.025495730766888897, 0.019830267413530916, 0.018342670500729623, 0.007962063522238006, 0.004515806079830456, 0.003510686383244114, 0.002673451962902609, 0.0025231791796987914, 0.0009778945736176575, 0.0006266961166985909, 0.0005265601166866703, 0.0004527744925994155, 9.75811052955534e-05, 9.538318290118185e-05, 7.412757051481205e-05, 4.459911685868042e-05, 4.255335665265141e-05, 3.704806037493653e-05, 3.398383486971048e-05, 2.301775577995094e-05, 1.8948292525879945e-05, 1.733536149455242e-05, 1.3949104694591587e-05, 1.3850199488794276e-05, 9.46277143957943e-06, 9.197010368280665e-06, 7.546499583959362e-06, 7.244926462743786e-06, 3.954702390410058e-06, 3.5225393588816736e-06, 2.9708427790614817e-06, 2.0691244417222305e-06, 1.9913110522461615e-06, 1.8885143978623814e-06, 1.531464694133046e-06, 1.4740836124855513e-06, 1.291157537286524e-06, 1.106418805679074e-06, 9.232755898623309e-07, 6.713957225283571e-07, 2.036955435943121e-07, 1.680167038725766e-07, 1.5367622160423912e-07, 1.1915215517529185e-07, 1.1340867918902392e-07, 1.108599114395230407, 1.0135558604920116e-07, 7.401910838898628e-08, 7.111104157473296e-08, 7.061956163928925e-08, 5.6403119697641925e-08, 5.3566238528678983e-08, 5.05525927171847e-08],
			[0.23111475776753757, 0.09665810779608922, 0.08827063662853327, 0.07933490553174302, 0.06760435397164039, 0.06374254070136703, 0.05658903295723167, 0.05360398203943621, 0.05223860663203553, 0.04933577204321132, 0.043494306289742275, 0.021276162010944195, 0.01763947070406309, 0.01701752241234684, 0.010780869750646176, 0.009420720117187644, 0.00747310284143587, 0.006793184103096758, 0.006562212941942841, 0.004548973972897327, 0.004344515896680434, 0.0029000974848806364, 0.0013759904244903484, 0.0010170204121094336, 0.0007142402526079505, 0.0005636746360807538, 0.0005082546754419288, 0.0004972925908264578, 0.0004576050267739863, 0.00037030033589469287, 0.0003412689735580077, 0.00033032366696688584, 0.0002769607818901586, 0.00026991085625059196, 0.00022831846399950899, 0.00022320020821692304, 0.00022114602837222544, 0.0002202889195589196, 0.00017255293015474158, 0.0001328483876093748, 9.693301857930311e-05, 8.494729073024855e-05, 7.832173570380579e-05, 7.573974146982571e-05, 6.0343087826699e-05, 6.0296041116942025e-05, 4.8506095788533524e-05, 4.506047897042284e-05, 3.612972665119636e-05, 3.3601145865340625e-05, 3.3582792092498754e-05, 3.3025405623227474e-05, 3.298132543670982e-05, 3.1711437793478344e-05, 3.090519675457567e-05, 2.8765030146093805e-05, 2.4694603522496523e-05, 2.404377222722919e-05, 2.3779801381870596e-05, 2.339369028257024e-05, 2.2084894196602733e-05, 2.172521793610798e-05, 2.159826548071666e-05, 2.132131908962803e-05, 1.866010602999996e-05, 1.6962342518487275e-05, 1.565010762339055e-05, 1.5211899205377031e-05, 1.3963550521356874e-05, 1.383991771477902e-05, 1.2576307654804918e-05, 1.2492221298278488e-05, 1.2432546479698787e-05, 1.229486392349301e-05, 1.116722334248131e-05, 1.077349406163064e-05, 1.0248452166302248e-05, 1.001974434031101e-05, 9.661483132813132e-06, 9.18613429336586e-06, 9.09165527039079e-06, 8.83314631287517e-06, 8.737523037557729e-06, 8.446908767631485e-06, 8.432792715137459e-06, 6.947778369121471e-06, 5.868287483551565e-06, 5.6279026035288155e-06, 5.6030238274280664e-06, 5.423186311801376e-06, 5.142206538157897e-06, 4.97403246470943e-06, 4.85424701346826e-06, 4.75894499572028e-06, 4.612419665024185e-06, 4.360755493988729e-06, 3.853308323599798e-06, 3.2218506631233563e-06, 2.9997827524670884e-06, 2.951497330343831e-06, 2.7744172549649236e-06, 2.3467516570354737e-06, 2.002675789157333e-06, 1.9856183287886072e-06, 1.9331064972814245e-06, 1.8362233429415322e-06, 1.6601477034034366e-06, 1.542127855071174e-06, 1.5264728965866538e-06, 1.3660309879719642e-06, 1.1693184367170586e-06, 9.664000657142013e-07, 4.857847791934384e-07]
		]
	}
}