{
	"ori":
	{
		"kpca":[
			[0.21233036533526228, 0.15416396065601948, 0.09791498753492238, 0.09006547601689184, 0.07725682286985942, 0.07679278893359397, 0.07594166082882467, 0.07375625922429133, 0.07001373864285554, 0.04871117142052284, 0.022993543922265887, 5.886357155032111e-05, 3.6104313996449705e-07]
		]
	},
	"mix":
	{
		"kpca":[
			[0.19561395769451367, 0.13527397158416204, 0.1133348780470239, 0.10001468325698881, 0.09726806365232345, 0.09372021820123595, 0.055490362098869206, 0.05383739020142929, 0.052031474724041786, 0.04323826104711333, 0.02786034075389104, 0.027706075129919412, 0.0024217075693155027, 0.002147054729915501, 4.0389663375264e-05, 7.940675551170887e-07, 2.066612595725044e-07, 1.709170669860408e-07],
			[0.1630073154512341, 0.12302283015172344, 0.09836526884161899, 0.09739427848882422, 0.08459464584613466, 0.07599948466338077, 0.06078825900296207, 0.055394570248417443, 0.05536713145270357, 0.05213816026054382, 0.045991277598194574, 0.03870585243270195, 0.018141112115742448, 0.015550242331600612, 0.012767582266091551, 0.002731873420984197, 3.8566997047990715e-05, 1.5484300936080533e-06],
			[0.1774007766939063, 0.14843937144348426, 0.13635054448174333, 0.10598164933153195, 0.06086196678882152, 0.056414070436760076, 0.056114221133593815, 0.05325553248634881, 0.05294777456177607, 0.0521652011856466, 0.049035467838434633, 0.03886313006605542, 0.011882414245293063, 0.00024834040554011836, 3.843005459061422e-05, 6.08098899119571e-07, 2.933669351367206e-07, 2.0738063902914157e-07],
			[0.3755899325629898, 0.17572193165077146, 0.06205726171882415, 0.06187284711746659, 0.056126906443603033, 0.052794163872730136, 0.052752650456453526, 0.05149752297809572, 0.0507617176130927, 0.04883641137710867, 0.011698387380452343, 0.0002506185538890195, 3.852372997135707e-05, 5.234980666842861e-07, 2.0598245183463055e-07, 1.9364072769455658e-07, 1.3545656840569282e-07, 6.596673659814468e-08]
		]
	}
}