{
	"ori":
	{
		"kpca":[
			[0.6319919873244932, 0.3016810407957159, 0.06163818315304622, 0.004688788726744649]
		]
	},
	"mix":
	{
		"kpca":[
			[0.7796703951129056, 0.10380579741184602, 0.059138892336773045, 0.055026964280776046, 0.0010760130202581133, 0.0005195003397239423, 0.0003968240386457372, 0.0003403187018448188, 2.529475722650272e-05],
			[0.47649869599279704, 0.29481954297202145, 0.14813116534145213, 0.05088392157455363, 0.019699813775141264, 0.004692610887055315, 0.003279069708978367, 0.0010904566050053235, 0.0009047231429955979]
		]
	}
}