{
	"Linear": 
	{
		"kpca":[]
	},
	"Quadratic":
	{
		"kpca":[]
	},
	"Cubic":
	{
		"kpca":[]
	},
	"Logarithmic":
	{
		"kpca":[]
	},
	"Exponential":
	{
		"kpca":[]
	},
	"f(10)":
	{
		"kpca":[]
	},
	"f(100)":
	{
		"kpca":[]
	},
	"sin":
	{
		"kpca":[
			[0.6319919873244932, 0.3016810407957159, 0.06163818315304622, 0.004688788726744649]
		]
	},
	"mix":
	{
		"kpca":[
			[0.35824507230243174, 0.2812992248278421, 0.23600881069873775, 0.0812007203941567, 0.04324617177683188],
			[0.4862170904898232, 0.19244541919125666, 0.14550600640972372, 0.08885456553602376, 0.06750348371159683, 0.014133376710129633, 0.005022590402024303, 0.0002619549768608627, 5.5512572560717296e-05],
			[0.38700841119492124, 0.28358051938808726, 0.14207769619258542, 0.07343994654570786, 0.058698566533170016, 0.039939998570296335, 0.0056863090074615605, 0.0048183880135398895, 0.002524218042135699, 0.0016898991202079195, 0.00037806718543950164, 0.00015625916816062142, 1.397714215740006e-06, 3.233240708575192e-07],
			[0.5167398438607873, 0.21897381503260513, 0.18050913256635331, 0.0489143152261186, 0.02272235157997248, 0.008022878454851192, 0.0012456511879912525, 0.0012453689420377674, 0.00046556827279371326, 0.0003156328071370037, 0.0001954757193358021, 0.00019343174620191453, 0.0001415577149640139, 6.907721770228089e-05, 6.445541725535798e-05, 5.8486351493504e-05, 3.773189561248006e-05, 3.53691061091306e-05, 2.9594842731013636e-05, 1.5267671895800256e-05, 2.432612773331942e-06, 1.2583704163093436e-06, 1.165077841125983e-06, 1.3832502027655902e-07],
			[0.417482142104307, 0.26976367617974445, 0.12955255257877252, 0.12406827399474302, 0.02648138507795443, 0.02633147694505383, 0.0018228661497576295, 0.0009577507106727437, 0.0009077844567174238, 0.000902133856177881, 0.0003649948994683511, 0.0002947740842229894, 0.0001671739695076339, 0.00012952071957296937, 0.00010128221424528872, 9.091621638037585e-05, 8.321906606000769e-05, 7.866785665487598e-05, 7.669396172634773e-05, 6.708176130635214e-05, 5.2113154565526415e-05, 4.84063033155652e-05, 2.7937801132373206e-05, 2.3795121960474494e-05, 1.92775170466053e-05, 1.9130838098979195e-05, 1.1171613112617542e-05, 8.906462652752578e-06, 8.190059033041989e-06, 7.618713941160496e-06, 6.901965073248764e-06, 6.51633644608615e-06, 4.716197420113367e-06, 4.339135044664667e-06, 4.1294539004560104e-06, 3.944792110528332e-06, 3.2847431814760142e-06, 2.633292076613283e-06, 2.466969739148424e-06, 2.1952907995438694e-06, 1.6405042674226035e-06, 1.3610621815198018e-06, 9.113026745832377e-07, 8.704779927923503e-07, 7.659424291437944e-07, 6.929886187020915e-07, 4.237918911300673e-07, 4.215189852984077e-07, 2.870950877576344e-07, 2.5855702421198335e-07, 2.2508129739957577e-07, 5.267618449618951e-08, 3.499748598823632e-08, 1.1440182442312693e-08],
			[0.39544339696830283, 0.3885059373348151, 0.09382349345533204, 0.07466674100446197, 0.018678705234978353, 0.008031317853106956, 0.0019233578878241123, 0.0018622373676147265, 0.001596050203472222, 0.0013282929810451776, 0.0012978071339418084, 0.0012326786838619376, 0.0009988670708958604, 0.000607057191045701, 0.0005717750957732587, 0.0005187267291726769, 0.0005000552763603679, 0.0004942181069209478, 0.0004912774901913101, 0.0004668677399488318, 0.0004611200673087321, 0.00045005402994284483, 0.00041108441543579274, 0.000399053621987112, 0.0003441954052591092, 0.0002947253176379568, 0.00029441623374898006, 0.00024087681993697536, 0.00023472490827811828, 0.00023142734727203698, 0.00022347082883717844, 0.00022055025745973368, 0.0002175800664609134, 0.00018486824248225284, 0.00017015129651260763, 0.00015892259979752386, 0.00014371653265290182, 0.00013899586202368244, 0.00012310370635940993, 0.0001215520334735825, 0.00011796016851685837, 0.00011344157393073926, 0.00011106733790962137, 0.00010694271678539163, 9.922005326174723e-05, 9.055445214141906e-05, 8.298512445552258e-05, 8.263522056878733e-05, 8.112813449244515e-05, 8.019825441478101e-05, 7.773228758351825e-05, 6.7297441848964e-05, 6.598405836254621e-05, 6.463446552662723e-05, 5.186643530418246e-05, 4.5598180906052724e-05, 4.2350507353535296e-05, 4.1507196604625023e-05, 3.901841853778874e-05, 3.716526187759364e-05, 3.6630715003397784e-05, 3.053836358678955e-05, 2.478685727720222e-05, 2.4292025121570145e-05, 2.2774450084933173e-05, 2.1326980993597372e-05, 2.1115626786511192e-05, 1.5631590236005392e-05, 1.5360029399005713e-05, 1.4851237998550188e-05, 1.4225706421847012e-05, 1.3565868253666279e-05, 1.3539378695609136e-05, 1.3424854494293613e-05, 1.3378765361118501e-05, 1.1230342525451193e-05, 1.0227010776830204e-05, 1.0142442080100358e-05, 7.36281281438731e-06, 6.625569145571548e-06, 5.817213535864209e-06, 5.219737069183411e-06, 4.542021808353024e-06, 3.872418831227903e-06, 3.628441322511873e-06, 3.485940545484815e-06, 3.4410328702019146e-06, 3.3345123739768195e-06, 3.3179935672615857e-06, 3.196741179536139e-06, 3.1418101963097683e-06, 2.839210863179298e-06, 2.4960606323335985e-06, 1.511927217432649e-06, 1.3416116801715693e-06, 1.2893066580182998e-06, 1.2541552287551333e-06, 9.59983671169741e-07, 5.961702965889288e-07, 3.3011672572021626e-07, 2.655096732197125e-07, 2.1442720231326795e-07, 7.888514253609754e-08, 5.645233628995295e-08]
		]
	}
}