{
	"ori":
	{
		"pca":[
			[0.14874782684354523,0.06659414941328784,0.06432730011274371,0.050317979240730865,0.04785398866685691,0.047164448176403403,0.046240269723540575,0.04447709971335018,0.04202739179693775,0.039169486868347196,0.03851983920329312,0.03773964131096665,0.036668937522888606,0.030863688778935413,0.03046789479804957,0.0283233020333174,0.027915269724130623,0.026768134725635363,0.026021616013158656,0.022101617327432207,0.020689420962144253,0.018587595089222076,0.017710104054069763,0.0140709088214997,0.01075918579361282,0.007635619381899862,0.005500399321827026,0.0027368845821730604]
		]
	},
	"mix":
	{
		"pca":[
			[0.14363761427885124,0.0642978001721418,0.06318393324578664,0.053164138601675744,0.04726241185127249,0.04615641397976326,0.045364948936712994,0.04294346369580033,0.04058877810949236,0.03781881515490895,0.03719157233508701,0.03643827438393243,0.03540449289283758,0.029799438790219512,0.029442298922318824,0.027421200156212116,0.02734652092306676,0.026215495175760713,0.025845073507839145,0.025124307377723587,0.021338546345250523,0.019956004425392866,0.017907485941749762,0.017099410662837607,0.013585270143138225,0.01025308615636567,0.007264439440442249,0.00530779677132229,0.0026409676220970828],
			[0.13224674034490322,0.1058888397973436,0.0646294750498442,0.05650406274483873,0.0545109774467907,0.042473319269278366,0.04183863130734819,0.037738504592301596,0.03595441025375913,0.033234815269926735,0.03268363630589614,0.032021602522803255,0.03111355284025358,0.03030238894278531,0.026540997713621957,0.0261873869510147,0.024390807005197638,0.024031841799401602,0.02271247733251173,0.02207893434971772,0.018988417711914167,0.01860042972936569,0.01597050991166247,0.015026794316865254,0.014769765119496263,0.012078927097618476,0.010219413266221533,0.008670160417105208,0.004765940093482312,0.002312231014039998,0.0015138465199767838,1.3132319714053827E-7,3.163951626248744E-8],
			[0.11676422944293904,0.06792541295275029,0.057890336638122424,0.050722842676436404,0.049069370224367574,0.043322800926762606,0.03577708112677275,0.0327734179746482,0.03249007118033176,0.030600247542949176,0.028861983267742808,0.028383227869270646,0.02780878065351879,0.027762281644749417,0.027019481548939572,0.026484584203389776,0.02635013404970565,0.026315151986590322,0.02554255698126,0.025298544768203684,0.02475333553336746,0.02274139049217378,0.02086976754132827,0.02063681605490174,0.019723901307605627,0.019173784021526297,0.016875439341444736,0.013985743431359225,0.013049582767616634,0.010540936039334531,0.008649700484047756,0.007741415908408734,0.006831417222122798,0.0041316073435356555,0.002011475916610689,6.483380931572033E-4,4.71654874400984E-4,1.1559676070848508E-6],
			[0.144057070717216,0.06085956813227021,0.05783316106662344,0.052132043695776974,0.046596317771845995,0.045427184513588,0.04409892381001829,0.04261788293697661,0.040532937177276455,0.0311681379796232,0.02988232668630805,0.02798028271396317,0.02584732581764393,0.02515660607285711,0.023417959523051327,0.022839247110684212,0.02165602375430475,0.020888267066801164,0.020690534566742566,0.019456753834907026,0.019223166657371213,0.018369589132955638,0.017922209783080657,0.01760460361018246,0.01620480002569834,0.01529562525563426,0.014988197338403652,0.012612921169207356,0.011828189585901717,0.010614571752397783,0.009092739404645282,0.004675128774967885,0.0045616385053024915,0.004055825834744434,0.0038248297985233213,0.0033543282405254678,0.002324970093620851,0.0019464823419119992,0.0017761509221036794,0.0016755888903257547,0.0016108157848999621,0.0013448114199860715,0.0010043281406624904,9.103421982222986E-4,3.134244757652852E-5,6.315314411947964E-6,1.193869086941438E-6,7.387591706210025E-7],
			[0.11336144489455184,0.0933621862411151,0.07306578678504466,0.06273558119649707,0.05831318183365633,0.043381299591501166,0.0392159974875816,0.03899046468814952,0.03855770122534456,0.028655943637965586,0.0286457034245379,0.026605372571980257,0.02514634198400597,0.023496042803668307,0.0215541463516078,0.02112639503260078,0.01960230690649104,0.016531899094884932,0.015410946015284997,0.01528310985402572,0.012919279343382967,0.012736399014571912,0.012683929727923749,0.011687853330185799,0.011566006969601746,0.011188681369439797,0.011066854049703825,0.01095232780974426,0.010864687507401608,0.010162609723816336,0.009541717920335646,0.009414908380423474,0.009232422093909875,0.007990738788015496,0.006984548368688833,0.006340347738635962,0.005261967187020487,0.003420318011162686,0.002694388712830947,0.002572569766819386,0.0024843941003433747,0.0023423035655248366,0.0020458357749425747,0.0018422094230386818,0.0014131426501894822,0.0013440163878151703,0.0011397570224750556,0.0011207122137967631,0.0010592584887133731,7.236457679268309E-4,6.822975497094172E-4,4.0694690300189807E-4,3.7224080617819264E-4,2.1979359382532968E-4,1.8041530405151206E-4,1.3415860361156942E-4,2.9986683362539804E-5,2.3302187508498384E-5,2.181105062838572E-5,2.1614132862472306E-5,1.1646704752557934E-5,1.0333921832863575E-5,7.847911321376467E-6,7.060966966397997E-6,6.40162517468796E-6,5.7467565842362085E-6,5.145198514488692E-6,3.5727938975298836E-6,2.8622276608846504E-6,1.980922743340388E-6,1.5915933633894023E-6,1.2418801340472353E-6,9.366133012393952E-7,6.115300319454157E-7,4.260777184791284E-7,2.3181702318600668E-7,7.016277366203645E-8,4.1652590718917034E-8],
